id_proveedor,proveedor_remitente,credencial_supervisor
1,'MERICAN MULE,LSL.0001760
2,001 VINTNERS LLC,LSW.0001793
3,1-800 WINESHOP.COM INC,LSW.0000432
4,1185 LLC,LSL.0002016
5,1260 SUMMIT LAKE LLC,LSW.0001742
6,1925 SPIRITS LLC,LSL.0002453
7,21 HOLDINGS LLC,LSL.0001969
8,21ST AMENDMENT BREWERY CAFE LLC,LSB.0001069
9,21ST CENTURY SPIRITS LLC,LSL.0001099
10,22 HUNDRED CELLARS INC,LSW.0001507
11,24 LIGNE LLC,LSL.0002389
12,26 BRIX LLC,LSW.0000984
13,325 BOWERY INC,LSB.0001060
14,"768 WINERY, LLC",LSW.0001799
15,773 LLC,LSL.0002405
16,A RAFANELLI WINERY AND VINEYARDS LP,LSW.0001205
17,A TO Z WINEWORKS LLC,LSL.0002186
18,A TO Z WINEWORKS LLC,LSL.0002447
19,A TO Z WINEWORKS LLC,LSW.0001778
20,A&R LAMONICA RESTAURANTS LLC,LMB.0001704
21,ABEJA LLC,LSW.0000669
22,ABITA BREWING COMPANY LLC,LSB.0000760
23,ABREOJOS SPIRITS LLC,LSL.0001846
24,ABREU VINEYARDS INC,LSW.0000263
25,ABW VIRGINIA BEACH LLC,LSB.0001181
26,ACA CELLARS LLC,LSW.0001514
27,ACCOMPLICE WINES LLC,LSW.0001600
28,ACKERMAN FAMILY VINEYARDS LLC,LSW.0001831
29,ACKLEY BRANDS LTD,LSL.0002192
30,ACKLEY BRANDS LTD,LSW.0000284
31,ACTIVE INGREDIENT BREWING COMPANY,LSB.0001184
32,"ADAIR B.R. COHN, LLC",LSW.0001894
33,"ADAIR CLOS PEGASE, LLC",LSW.0001893
34,"ADAIR FAMILY WINES, LLC",LSW.0001906
35,"ADAIR GIRARD, LLC",LSW.0001895
36,"ADAIR KUNDE, LLC",LSW.0001896
37,"ADAIR VIANSA, LLC",LSW.0001897
38,ADAMBA IMPORTS INT'L INC,LSL.0000690
39,ADAMS WINERY LLC,LSW.0000358
40,ADAMVS LLC,LSW.0000462
41,ADELAIDA CELLARS INC,LSW.0001166
42,ADELSHEIM VINEYARD LLC,LSW.0001090
43,ADIRONDACK WINERY LLC,LSW.0001525
44,ADVANTAGE INTERNATIONAL DISTRIBUTORS INC,LSL.0001096
45,AFFINITY WINES LLC,LSL.0002334
46,AHA PARTNERS LLC,LSW.0000774
47,AIKO IMPORTERS INC,LSL.0001151
48,AIRFIELD ESTATES,LSW.0001549
49,AKA WINES LLC,LSW.0001315
50,ALA BRI ACRES FARM LLC,LFW.0000103
51,ALAMBIC INC,LSL.0000920
52,ALBERT BICHOT USA LLC,LSL.0001818
53,ALCHEMIST SPIRITS LLC,LSL.0002459
54,ALCHEMY BREWING STOWE LLC,LSB.0001054
55,ALEXANDER VALLEY VINEYARDS,LSL.0000951
56,ALLAGASH BREWING CO,LSB.0000575
57,ALLIED IMPORTERS USA LTD,LSL.0001789
58,ALLTECH'S LEXINGTON BREWING CO,LSB.0000852
59,ALLTECH'S LEXINGTON BREWING CO,LSL.0001499
60,ALPHA AND OMEGA WINERY LLC,LSW.0000937
61,ALTAMAR BRANDS LLC,LSL.0001140
62,ALTAMURA WINERY INC,LSW.0000361
63,ALVARIUM BEER COMPANY LLC,LMB.0001575
64,AMBA BREWING LLC,LSB.0001202
65,AMERICAL BEVERAGE GROUP INC,LSL.0002353
66,AMERICAN B D COMPANY,LSL.0000510
67,AMERICAN BEVERAGE CORP,LSL.0001009
68,"AMERICAN BEVERAGE CRAFTS, LLC",LSB.0001174
69,AMERICAN BEVERAGE HOLDINGS LLC,LSB.0001144
70,"AMERICAN CRAFT BEER, LLC",LSB.0001237
71,AMERICAN TAILORED WINES LLC,LSL.0002336
72,AMERICAN VINTAGE BEVERAGE INC,LSL.0001567
73,AMERICAN VINTNERS LLC,LSL.0001815
74,AMERICAN WINE TRADE INC,LSW.0000772
75,AMICI CELLARS INC,LSW.0001287
76,AMIGO BRANDS LLC,LSL.0002170
77,AMIZETTA VINEYARDS WINERY LLC,LSW.0001221
78,AMTEC INTERNATIONAL OF NY CORP,LCB.0000517
79,AMTEC INTERNATIONAL OF NY CORP,LCL.0000574
80,AMULET ESTATE LLC,LSW.0001740
81,AMUSE BOUCHE LLC,LSW.0000287
82,ANDERSON'S CONN VALLEY WINERY INC,LSW.0000397
83,ANDREWS VINEYARDS,LSW.0001890
84,ANGELINI WINE LTD,LCL.0000520
85,ANGELS SHARE WINE IMPORTS LLC,LCL.0000645
86,ANHEUSER BUSCH LLC,LSB.0000832
87,ANHEUSER BUSCH LLC,LSL.0001378
88,ANNA WINONA LLC,LSL.0002081
89,ANNADEL VINEYARD PARTNERS (DE) LLC,LSW.0001212
90,ANOMALY VINEYARDS LLC,LSW.0000539
91,ANTHILL FARMS LLC,LSW.0000977
92,ANTHONY M TRUCHARD,LSW.0001002
93,ANTINORI CALIFORNIA INC,LSW.0001684
94,ANTIPODEAN WINES LLC,LSL.0001404
95,APERTURE CELLARS LLC,LSW.0001457
96,APPELLATION TRADING COMPANY LLC,LSW.0001119
97,APPSTRAWBRANDIES DISTILLERY LLC,LMS.0000006
98,AQUILINI BRANDS USA INC,LSL.0001959
99,ARANO LLC,LSL.0001803
100,"ARBORUM, LLC",LSW.0001763
101,ARCHANGEL INVESTMENTS LLC,LSW.0001122
102,ARCHER ROOSE INC,LSL.0001748
103,AREL GROUP WINE & SPIRITS INC,LSL.0000950
104,ARETE WINES LLC,LSW.0000927
105,ARIETTA INC,LSW.0000603
106,"ARISTA WINES, LLC",LSW.0001735
107,ARK DISTILLERY LLC,LMS.0000029
108,ARKENSTONE VINEYARDS LLC,LSW.0000479
109,ARMADA BREWING LLC,LMB.0001680
110,ARMIDA WINERY INC,LSW.0001511
111,ARMSTRONG VINEYARDS INC,LSW.0000564
112,ARNOT-ROBERTS LLC,LSW.0001731
113,ARTIFACT CIDER PROJECT,LSW.0001446
114,ARTISAN BEVERAGE COOPERATIVE,LSB.0001047
115,ARTISAN WINES INC,LCL.0000602
116,ARTISANAL IMPORTS INC,LSB.0000749
117,ARTY'S INC PARTNERSHIP,LSL.0002159
118,ASAHI BEER USA INC,LSB.0001229
119,ASGRAM LLC,LSL.0002015
120,ASPETUCK BREW LAB LLC,LMB.0001628
121,ASSOCIATED BREWING COMPANY LLC,LSB.0001139
122,ASSOCIATED BREWING COMPANY LLC,LSL.0002189
123,"ASTRALUNA, LLC",LSL.0002402
124,ASV WINES INC,LSL.0002314
125,ATHENEE IMPORTERS & DISTRIBUTORS LTD,LSL.0001205
126,"ATLANTIC IMPORTING COMPANY, INC",LSL.0002198
127,ATLAS DRINKS LLC,LSW.0001718
128,ATLAS WINE COMPANY,LSW.0001146
129,ATOMIC BRANDS INC,LSB.0001224
130,ATOMIC BRANDS INC,LSL.0001771
131,ATOMIC IMPORTS & EXPORTS INC,LCL.0000575
132,ATOMIC IMPORTS & EXPORTS INC,LIW.0000606
133,ATWATER VINEYARDS LLC,LSW.0001537
134,AUBERT WINEGROWING INC,LSW.0000424
135,AUSTIN EASTCIDERS INC,LSW.0001045
136,AV BRANDS INC,LSL.0001114
137,AVALINE LTD,LSL.0002147
138,AVELEDA INC,LSL.0001654
139,AVENTINE HILL LLC,LCL.0000569
140,AVENUE T BRANDS LLC,LSL.0002219
141,AVIVO LLC,LSW.0001845
142,AZUR WINES LLC,LSW.0001931
143,"Amaterra, LLC",LSW.0001928
144,B UNITED INTERNATIONAL INC,LCB.0000550
145,B UNITED INTERNATIONAL INC,LCL.0000622
146,B WISE VINEYARDS,LSW.0001404
147,"B. NEKTAR, LLC",LSW.0001869
148,BABCOCK ENTERPRISES INC,LSW.0001430
149,BACARDI USA INC,LSL.0000723
150,BACCHUS IMPORTS INC,LSL.0001701
151,BACCHUS TECHNOLOGIES LLC,LSL.0001681
152,BACCO WINE & SPIRIT LLC,LSL.0001630
153,BACK EAST BREWING LLC,LMB.0001627
154,BACMAR INTERNATIONAL LLC,LSL.0002266
155,BAD SEED CIDER COMPANY LLC,LSW.0000967
156,BAD SONS BEER CO LLC,LMB.0001624
157,BALEARIC BEVERAGE DISTRIBUTORS INC,LSB.0001200
158,BALTHAZAR REX LLC,LSL.0002311
159,BALUARTE SPIRITS LLC,LSL.0002377
160,BANFI PRODUCTS CORP,LSL.0000639
161,BANVILLE & JONES WINE MERCHANTS,LSL.0001019
162,BARGETTO'S SANTA CRUZ WINERY,LSW.0000114
163,BARNETT VINEYARDS LP,LSW.0000747
164,BARON FRANCOIS LTD,LSL.0001122
165,BARREL 27 WINE COMPANY INC,LSW.0000690
166,BARRIER BREWING COMPANY LLC,LSB.0001203
167,BATTERY STEELE BREWING LLC,LSB.0001232
168,BAYERNMOOR CELLARS LLC,LSW.0001734
169,BBL INC,LSB.0001763
170,"BE HOPPY BREWING, LLC",LSB.0001198
171,BEAK & SKIFF APPLE FARMS INC,LSL.0002242
172,BEAUX FRERES,LSW.0000087
173,BEDELL NORTH FORK LLC,LSW.0000355
174,BEDFORD & GROVE LLC,LSL.0001849
175,BEDROCK WINE COMPANY LP,LSW.0001198
176,BEE WELL MEADERY LLC,LSW.0001753
177,BELDEN BARNS SONOMA LLC,LSW.0000889
178,"BELLAVINI WINERY, LTD",LSW.0001942
179,BELLE PENTE WINE CELLARS LLC,LSW.0001076
180,"BENCHMARK BEVERAGE COMPANY, LLC",LSL.0002247
181,"BENCHWARMER BEVERAGE, LP",LSB.0001186
182,BENDISTILLERY INC,LSL.0002086
183,BENESSERE VINEYARDS LTD,LSW.0000651
184,BENNETT LANE WINERY LLC,LSW.0000421
185,BENOVIA WINERY LLC,LSW.0000520
186,BENZA VINEYARDS LLC,LSW.0001522
187,BERGEN HOUSE LLC,LMW.0000001
188,"BERGMAN FAMILY VINEYARDS, LLC",LSW.0001867
189,BERGSTROM WINES LLC,LSW.0000317
190,BERKSHIRE BREWING COMPANY INC,LSB.0001067
191,BERKSHIRE MOUNTAIN BREWERS INC,LSB.0000615
192,BERKSHIRE MOUNTAIN DISTILLERS,LSL.0001283
193,BERNARDUS WINERY,LSL.0000542
194,BETHEL HEIGHTS VINEYARD INC,LSW.0001496
195,BETHLEHEM VINEYARD AND WINERY,LFW.0000080
196,BEVAN CELLARS LLC,LSW.0001659
197,BEVBRIDGE HOLDINGS LLC,LSB.0001241
198,BEVNOMAD LLC,LSB.0001219
199,BGLK BEVERAGE LLC,LSL.0002194
200,BGPL-USA INC,LSL.0001797
201,BIAGIO CRU AND ESTATE WINES,LSL.0000824
202,BIALE ESTATE (THE),LSW.0000947
203,"BID BEVERAGE COMPANY, LLC",LSL.0002246
204,BIG RIVER DISTILLING LLC,LSL.0002359
205,BIG TABLE FARM INC,LSW.0001215
206,BILTMORE ESTATE WINE COMPANY,LSW.0001018
207,BINDING BRAUEREI USA INC,LCB.0000516
208,BIOKARE INC,LSL.0002211
209,BISHOP'S ORCHARDS WINERY LLC,LFW.0000057
210,BISHOP'S ORCHARDS WINERY LLC,LMW.0000006
211,BLACK HOG BREWING LLC,LMB.0001600
212,BLACK POND BREWS LLC,LMB.0001605
213,BLACK SEA IMPORTS INC,LSL.0001843
214,BLACKBIRD VINEYARDS LLC,LSW.0000799
215,"BLAKE FARMS HARD APPLE CIDER, LLC",LSL.0002092
216,BLANCO VALLEY DISTILLERS LLC,LSL.0002355
217,BLANCO Y ROSSO WINES LLC,LSL.0002229
218,BLANKIET ESTATE LLC,LSW.0000217
219,BLUE FARM LLC,LSW.0000888
220,BLUE SPRING IMPORTS INC,LSL.0001938
221,BLUEBIRD HARDWATER LLC,LSL.0002409
222,BOARS VIEW LLC,LSW.0001236
223,"BOATIQUE WINERY, LLC",LSW.0001870
224,BODEGAS IMPORTS LLC,LSL.0002454
225,BOGLE VINEYARDS INC,LSL.0000910
226,BOLD ROCK PARTNERS LP,LSL.0001984
227,BOLERO SNORT LLC,LSB.0001130
228,BOM DIA IMPORTS LLC,LSL.0002375
229,BON VIVANT IMPORTS INC,LSL.0001350
230,BOOKWALTER WINERY LLC,LSW.0000452
231,BOSTON BEER CORPORATION,LSB.0000616
232,BOSTON BEER CORPORATION,LSL.0000782
233,BOSTON HARBOR DISTILLERY LLC,LSL.0001624
234,BOTTOMS UP COCKTAILS OPERATING COMPANY LLC,LSL.0002254
235,BOUCHAINE VINEYARDS INC,LSW.0000067
236,BOUCHARD PERE & FILS AMERICA INC,LSL.0001048
237,BOUNDARY BREAKS LLC,LSW.0000925
238,BOUTIQUE BEVERAGE COMPANY LLC,LSL.0001955
239,BOWEN HAYWARD GROUP LLC,LSB.0000925
240,BOYDEN VALLEY WINERY LLC,LSL.0001456
241,BRAND NV LLC,LSW.0001413
242,BRASS WORKS BREWING COMPANY LLC,LMB.0001629
243,BRASSFIELD ESTATE WINERY LLC,LSW.0001860
244,BRAU INC.,LSB.0001175
245,BRAVE & MAIDEN ESTATE,LSW.0001792
246,BRAWLER'S WOOD DISTILLERY LLC,LSL.0002345
247,BRAZOS WINE IMPORTS,LSL.0001524
248,BRESCOME BARTON INC,LCL.0000540
249,BRESCOME BARTON INC,LIW.0000506
250,BRETON WINE COMPANY INC,LSW.0001196
251,BREWDOG BREWING COMPANY LLC,LSB.0000997
252,BREWERY LEGITIMUS LLC,LMB.0001606
253,BREWPORT LLC,LMB.0001565
254,BREWT'S INC.,LSL.0002505
255,BRICOLEUR VINEYARDS LLC,LSW.0001330
256,BRIDGE IMPORTS LLC,LSL.0001331
257,BROAD BROOK BREWING LLC,LMB.0001596
258,BROADLEY VINEYARDS LLC,LSW.0001240
259,BROC CELLARS LLC,LSW.0001751
260,BRONCO WINE COMPANY,LSL.0000593
261,BROOKLYN BREWERY CORP,LSB.0000645
262,BROOKLYN CIDER HOUSE LLC,LSW.0001572
263,BROOKSIDE WINERY LLC,LSW.0001644
264,BROTHERHOOD AMERICA'S OLDEST WINERY LTD,LSL.0002299
265,BROUILLARD VINEYARDS & WINERY LLC,LSW.0001779
266,BROWN ESTATE VINEYARDS LLC,LSW.0000527
267,BROWN-FORMAN CORPORATION,LSB.0000637
268,BROWN-FORMAN CORPORATION,LSL.0000674
269,BROWNE FAMILY WINES LLC,LSW.0001373
270,BRUNET & FRIEDBERG INC.,LSL.0002496
271,BRUTOCAO CELLARS,LSW.0001228
272,BRYANT VINEYARDS LTD,LSW.0000314
273,BRZ WINES LLC,LSL.0002366
274,BSGB LLC,LMB.0001659
275,BUCKLER FAMILY VINEYARDS LLC,LSW.0001476
276,BUEHLER VINEYARDS INC,LSW.0000777
277,BUENA UVA LLC,LSL.0002108
278,BULLY BOY DISTILLERS LLC,LSL.0001740
279,BURLINGTON BEER COMPANY,LSB.0001091
280,BUSHYHILL CIDERY LLC,LMW.0000032
281,BUSINESS MICROCOSM CORPORATION,LIW.0000562
282,BUZZBALLZ LLC,LSL.0001445
283,BUZZBOX PREMIUM COCKTAILS INC.,LSL.0002354
284,BWSC LLC,LSW.0000870
285,BYBEE WINE COMPANY LLC,LSL.0002378
286,"Brady Street Spirits, LLC",LSL.0002471
287,C MONDAVI & SONS,LSL.0000538
288,C VILLANUEVA COMPANY LLC,LSL.0001946
289,CABERNET CORPORATION,LSL.0000903
290,CADA LLC,LSW.0001312
291,CADRE NOIR LLC,LSL.0002452
292,CADUCEUS CELLARS LLC,LSW.0001030
293,CAFFO BEVERAGES,LSL.0001670
294,CAIN CELLARS INC,LSW.0000731
295,CAIUS FARM BREWERY LLC,LMB.0001690
296,CAKEBREAD CELLARS,LSW.0000708
297,CALEDONIA SPIRITS INC.,LSL.0002423
298,CAMARENA IMPORTS LLC,LSL.0002397
299,CAMELOT IMPORTING COMPANY INC,LSL.0002090
300,CAMPARI AMERICA LLC,LSL.0000969
301,CANAL STREET BREWING COMPANY LLC,LSB.0000815
302,CANEPA KOCH WINE CELLARS,LSL.0002446
303,CANNON WINES LIMITED,LSL.0002309
304,CAPCITY BEVERAGE LLC,LSL.0001928
305,CAPE CLASSICS INC,LSL.0002071
306,CAPE COD’R INC,LSL.0002250
307,CAPTAIN LAWRENCE BREWING LLC,LSB.0000739
308,CARABELLA VINEYARD & WINERY LLC,LSW.0001080
309,CARAVELLA INC.,LSL.0002292
310,CARDINAL SPIRITS,LSL.0001769
311,CARHARTT VINEYARD INC.,LSW.0001619
312,CARIBBEAN DISTILLERS LLC,LSB.0001111
313,CARIBBEAN DISTILLERS LLC,LSL.0001321
314,CARLISLE WINERY & VINEYARDS LLC,LSW.0000989
315,CARR WINERY INC,LSW.0001416
316,CARRIAGE HOUSE IMPORTS LTD,LSB.0000861
317,CARRIAGE HOUSE IMPORTS LTD,LSL.0000619
318,"CASPARIAN PRODUCTION, LLC",LSL.0002137
319,CASSIDY HILL VINEYARD LLC,LFW.0000065
320,CASTLE BRANDS (USA) CORP,LSL.0001182
321,CASTORO CELLARS,LSW.0001398
322,CATHERINE-ELIZABETH LLC,LSW.0001791
323,CAVA SELECTIONS INC,LSL.0002257
324,"CAVALIER VENTURES, LLC",LSL.0002308
325,CAYMUS VINEYARDS INC,LSW.0000658
326,CAYUSE WINERY LLC,LSW.0000307
327,CEDAR HILL COLLECTIVE INC.,LSW.0001883
328,CEDAR KNOLL VINEYARDS,LSW.0000174
329,CEDAR RIDGE VINEYARD LLC,LSL.0002074
330,"CEDARFIELD WINES, LP",LSW.0001765
331,CELEBRATION CELLARS LLC,LSW.0001695
332,CELLAR RAT CELLARS LLC,LSW.0001492
333,CELLIER WINES DISTRIBUTING INC,LSL.0001585
334,CENTRAL BEER IMPORT & EXPORT INC,LSB.0001145
335,CENTRAL CT DISTILLERS LLC,LMS.0000026
336,CHALICE VINEYARDS LLC,LSW.0001295
337,CHAMARD VINEYARDS INC,LFW.0000032
338,CHAMISAL VINEYARDS LLC,LSW.0000482
339,CHAMPLAIN ORCHARDS INC,LSW.0001184
340,CHANDEL & CHANDEL INC,LSL.0001869
341,CHANNING DAUGHTERS WINERY LLC,LSW.0000340
342,CHAOTIC ALES INC,LSB.0001235
343,CHAPPELLET WINERY INC,LSW.0000066
344,CHARLES JACQUIN ET CIE INC,LSL.0000649
345,CHARTER OAK BREWING COMPANY LLC,LMB.0001567
346,CHATEAU DIANA LLC,LSW.0001010
347,CHESHIRE CRAFT BREWING LLC,LMB.0001633
348,CHOYA UMESHU USA INC,LSL.0000916
349,CHRISTOPHER MICHAEL WINES LLC,LSW.0001486
350,CHUKAR CHERRY COMPANY INC,LSW.0001565
351,CIDER WORKS LLC,LSW.0001888
352,CIPRESSO INTERNATIONAL INC,LSW.0001807
353,"CIROC SPIRITS, LLC",LSL.0002477
354,CITIZEN CIDER LLC,LSW.0001028
355,CIV USA INC,LSL.0001696
356,CJS BEVERAGE LLC,LSL.0002278
357,CLASSIC WINES INC,LCL.0000544
358,CLASSIC WINES INC,LIW.0000565
359,CLEVELAND WHISKEY LLC,LSL.0001636
360,CLIF FAMILY WINERY AND FARM LLC,LSW.0000319
361,CLINE CELLARS INC,LSW.0000412
362,CLINE SISTERS IMPORTS LLC,LSL.0001566
363,CLIPPER CITY BREWING CO LP,LSB.0000672
364,CLOCKTOWN BREWING COMPANY LLC,LMB.0001563
365,CLOS DU VAL WINE CO LTD,LSW.0000841
366,CLOS LACHANCE WINES LLC,LSW.0000715
367,COASTAL EXTREME BREWING CO LLC,LSB.0001035
368,COASTLINE BREWING CO LLC,LMB.0001684
369,"COBB WINES, LLC",LSW.0001872
370,CODORNIU NAPA INC,LSW.0001297
371,COEUR DE CUVEE LTD,LSL.0001807
372,COGNAC FERRAND USA INC,LSL.0002106
373,COL SOLARE LLC,LSW.0001865
374,COL SOLARE LLP,LSW.0000719
375,COLENE CLEMENS VINEYARDS,LSW.0001618
376,COLGIN CELLARS LLC,LSW.0000502
377,COLLECTIVE ARTS USA LTD,LSB.0000926
378,COLLECTIVE ARTS USA LTD,LSL.0001876
379,"COMPASS SPIRITS & WINES, INC.",LSB.0001233
380,CONCENTRIC BREWING COMPANY LLC,LMB.0001608
381,CONNECTICUT DISTRIBUTORS INC,LIW.0000532
382,CONNECTICUT DISTRIBUTORS INC.,LCL.0000532
383,CONNECTICUT VALLEY BREWING COMPANY LLC,LMB.0001566
384,CONNECTICUT VALLEY WINERY LLC,LFW.0000053
385,CONSTELLATION BRANDS INC,LSL.0000520
386,CONTINENTAL VINEYARDS LLC,LSW.0000824
387,CONTINUUM DISTILLING LLC,LMS.0000001
388,CONUNDRUM WINERY LLC,LSW.0000805
389,COOL HAND VINEYARDS LLC,LSW.0000300
390,COOPER SPIRITS INTERNATIONAL,LSL.0001703
391,COOPERSTOWN DISTILLERY LLC,LSL.0001540
392,COPPER CANE LLC,LSW.0000874
393,CORDELINA WINE COMPANY,LSL.0002363
394,"CORE BREWING AND DISTILLING COMPANY, LLC",LSB.0001236
395,CORK ALLIANCE INC,LSL.0001192
396,CORNELL FARMS LLC,LSW.0001112
397,CORNER 103 LLC,LSW.0000960
398,CORNING & COMPANY DISTILLERS LLC,LSL.0002380
399,CORTONA LLC,LSL.0002032
400,COUNTERWEIGHT BREWING CO LLC,LMB.0001617
401,"COYOTE HOLE CIDERWORKS, LLC",LSW.0001841
402,CRACOVIA BRANDS INC,LSL.0002391
403,CRAIG STUART HANDLY,LSW.0001360
404,CRISTIE KERR WINES LLC,LSW.0001503
405,CROCKER AND STAR WINE COMPANY LLC,LSW.0000998
406,CROOK & MARKER LLC,LSB.0001012
407,CROTON DAM SPIRITS LLC,LSL.0002379
408,CROWLEY WINES LLC,LSW.0001325
409,CROWN IMPORTS LLC,LSB.0000718
410,CROWN IMPORTS LLC,LSL.0002131
411,CROWN POINT WINERY LLC,LSW.0000892
412,CRYSTAL RIDGE WINERY LLC,LFW.0000076
413,CUNNINGHAM CREEK DISTRIBUTORS INC,LSW.0001866
414,CURRENT SPIRITS DISTILLING,LSL.0001919
415,CUSHMAN WINERY CORPORATION,LSW.0000099
416,CUVAISON INC,LSW.0000365
417,CYNTHIA HURLEY FRENCH WINES LLC,LSL.0002430
418,"Chaim, LLC",LSW.0001925
419,D G YUENGLING AND SON INC,LSB.0000874
420,D MYERS LLC,LSW.0000183
421,D R STEPHENS ESTATE WINES LLC,LSW.0001616
422,D&V INTERNATIONAL INC,LSB.0000847
423,DANA ESTATES INC,LSW.0000445
424,DANA'S ORGANIC WINES INC,LSL.0002285
425,DANCING LLC,LSW.0001794
426,DAOU VINEYARDS LLC,LSW.0000602
427,DARIOUSH KHALEDI WINERY LLC,LSW.0000180
428,DARK WATERS DISTILLERY LLC,LMS.0000030
429,DARLING WINES,LSW.0001834
430,DASSAI TRADING INC,LSL.0002384
431,DASSAI USA INC.,LSW.0001884
432,DAVE PHINNEY LLC,LSL.0002362
433,DAVID BOWLER WINE,LSL.0001683
434,"DAVID BRUCE WINERY, INC.",LSW.0001788
435,DAVID JAMES LLC,LSW.0000997
436,DAVIS ESTATES LLC,LSW.0001125
437,DAY CRUSH LLC,LSW.0001714
438,DB DISTILLING LLC,LMS.0000003
439,DB WINE SELECTION INC,LCL.0000601
440,DE MAISON SELECTIONS INC,LSL.0001952
441,"DEANE & HOYLE BRANDS, INC.",LSW.0001716
442,"DEHLINGER WINERY, LLC",LSW.0001687
443,DEL DOTTO VINEYARDS INC,LSW.0000916
444,"DEL RIO VINEYARDS, LLC",LSL.0002329
445,DELEGAT USA INC,LSL.0001219
446,DELICATO VINEYARDS,LSW.0000807
447,DELICATO VINEYARDS LLC,LSL.0002145
448,DELILLE CELLARS LLC,LSW.0000855
449,DEMEINE ESTATES LLC,LSL.0002060
450,"DESCHUTES BREWERY, INC",LSB.0001188
451,"DESTIHL BREWERY, LLC",LSB.0001153
452,DEVIL'S PURSE BREWING COMPANY LLC,LSB.0001222
453,"DHF HOLDINGS, INC.",LSW.0001935
454,DIAGEO AMERICAS INC,LSL.0001166
455,DIAGEO BEER COMPANY USA INC,LSB.0000755
456,DIAMOND MOUNTAIN VINEYARD COMPANY INC,LSW.0001474
457,DIAMOND MOUNTAIN WINERY LLC,LSW.0001339
458,DISARONNO INTERNATIONAL LLC,LSL.0001546
459,DISARONNO INTERNATIONAL USA LLC,LSL.0002370
460,DISTILLERS WAY LLC,LSL.0001855
461,DIVOT ENTERPRISES LLC,LSL.0001466
462,"DK WINE GROUP, LLC",LSW.0001782
463,DNA VINEYARDS,LSL.0001689
464,DNA VINEYARDS & WINES LLC,LSL.0002301
465,DNAW SPV CA VINEYARD LLC,LSW.0001780
466,DOB WINE COMPANY LLC,LSW.0001700
467,DOCKSIDE BREWERY LLC,LMB.0001653
468,DOMAINE CHANDON INC,LSL.0001917
469,DOMAINE DELLA DALE LLC,LSW.0001901
470,DOMAINE DROUHIN OREGON INC,LSW.0000306
471,DOMAINE NICOLAS JAY LLC,LSW.0001410
472,DOMAINE SERENE VINEYARDS AND WINERY INC,LSW.0000475
473,DON SEBASTIANI & SONS INT'L WINE NEGOCIANT,LSL.0000810
474,DONATI FAMILY VINEYARD INC,LSW.0000338
475,DONELAN FAMILY WINE CELLARS LLC,LSW.0000578
476,DORADO PIZZORNI AND SONS LLC,LSL.0001634
477,DOS LOCOS LLC,LCL.0000747
478,DOUBLE BREW LLC,LSB.0000942
479,DOUBLE BREW LLC,LSL.0002499
480,DOUBLE CANYON VINEYARDS LLC,LSW.0001168
481,DOUBLE D WINERY LLC,LSW.0001857
482,DOUBLE DIAMOND DISTILLERY LLC,LSL.0001738
483,DOUBLEBACK LLC,LSW.0000609
484,DOWNEAST CIDER HOUSE LLC,LSB.0001099
485,DOWNEAST CIDER HOUSE LLC,LSW.0000798
486,DOZORTSEV AND SONS ENTERPRISES LTD,LSL.0001724
487,DRAGONETTE CELLARS LLC,LSW.0001408
488,DRAGONFIRE MEADERY LLC,LMW.0000005
489,DREYFUS ASHBY INC,LSL.0000604
490,DRG IMPORTS LLC,LSL.0001305
491,DRINK THIS PRODUCTION LLC,LSW.0001611
492,DRINKABLE ARTS LLC,LSL.0001710
493,DRINKS BOXT LLC,LSW.0001610
494,DROPRIPPLEWAVE CORP,LSB.0001176
495,DRY CREEK VINEYARD INC,LSW.0000642
496,"DRY FARM WINES, LLC",LSL.0002467
497,DUCKHORN WINE COMPANY INC,LSL.0001001
498,DUCLAW BREWERY LLC,LSB.0000918
499,DUDLEYTOWN BREWING COMPANY LLC,LMB.0001698
500,DUGGAN'S DISTILLERS PRODUCTS CORPORATION,LSL.0000618
501,DUMOL WINERY LLC,LSW.0001164
502,DUNN VINEYARDS,LSW.0000458
503,DUPLIN WINE CELLARS INC,LSW.0000768
504,DUSKY GOOSE LLC,LSW.0001630
505,DUTCH CANYON LLC,LSW.0001657
506,DUTTON GOLDFIELD WINERY LLC,LSW.0001023
507,DUVEL MOORTGAT USA LTD,LSB.0000655
508,DV SPIRITS LLC,LSL.0001472
509,DVM IMPORTING COMPANY,LSL.0001557
510,DVO LLC,LSW.0001632
511,DW HINMAN CELLARS,LSL.0002352
512,DW VINEYARDS LLC,LSW.0001502
513,Dream Spirits Inc,LSL.0002425
514,E & J GALLO WINERY,LSB.0000556
515,E & J GALLO WINERY,LSL.0000640
516,EAGLE EYE IMPORTS-ILLINOIS LLC,LSL.0001730
517,EAST HARTFORD BREWING GROUP LLC,LMB.0001572
518,EAST ROCK BREWING COMPANY LLC,LMB.0001577
519,EAST WEST BEVERAGES INC,LSB.0001205
520,EAST WEST WINES LLC,LSL.0002392
521,EAST YARDS HOSPITALITY GROUP LLC,LMB.0001705
522,EASTERN LIQUORS USA INC.,LSL.0002420
523,"EASTMAN-MARIE, LLC",LSW.0001766
524,"EBER-CONNECTICUT, LLC",LCL.0000565
525,"EBER-CONNECTICUT, LLC",LIW.0000596
526,ECLIPSE ASSETS LLC,LSW.0001305
527,"ECO TERRENO WINES, INC.",LSW.0001686
528,ECOSUR GROUP LLC,LSL.0001697
529,EDEN ICE CIDER COMPANY INC,LSW.0000742
530,"EDER-GOODMAN, LLC",LIW.0000502
531,EDGEWOOD ESTATES LLC,LMW.0000042
532,EGGHEAD TOO LLC,LSL.0002153
533,EHREN JORDAN WINE CELLARS LLC,LSW.0000725
534,EIGHT BOTTLES LLC,LSL.0001754
535,EINSTOK BEER COMPANY,LSB.0001037
536,EL SEGUNDO BREWING CO,LSB.0001044
537,ELCORE INC,LSW.0001864
538,ELEGANCE PROPERTIES LLC,LSW.0001155
539,ELEVEN ELEVEN DISTRIBUTION LLC,LSL.0002486
540,ELK COVE VINEYARDS INC,LSW.0000100
541,ELMOS ROCKET CLUB INC G P,LMB.0001650
542,ELV-OREGON LLC,LSW.0001039
543,"EMINENT DOMAINE, LLC",LSW.0001739
544,EMMOLO RIVER RANCH LLC,LSW.0001358
545,EMPSON USA INC,LSL.0000540
546,ENCORE TALKHOUSE LLC,LSL.0002399
547,ENOTEC IMPORTS INC,LSL.0002328
548,ENOVATION BRANDS INC,LSL.0001422
549,EPICURE INCORPORATED,LMB.0001640
550,EQUILIBRIUM BREWERY LLC,LSB.0001010
551,EQUIVALENT EXCHANGE LLC,LMW.0000043
552,ERATH PREMIUMCO LLC,LSW.0001690
553,ERIC TRUMP WINE MANUFACTURING LLC,LSW.0001004
554,"ERIK MILLER WINES, INC",LSW.0001745
555,ERRATIC OAKS VINEYARD INC,LSL.0002382
556,ESBER BEVERAGE,LSB.0001142
557,EUSTELA IMPORTS LLC,LCL.0000672
558,EUSTELA IMPORTS LLC,LIW.0000730
559,"EVAKI, INC.",LSL.0002474
560,EVANEM VINEYARDS LLC,LSW.0001620
561,EVATON INC,LCL.0000535
562,EVATON INC,LIW.0000551
563,F & F DISTRIBUTORS INC,LIW.0000504
564,F & F FINE WINES INTERNATIONAL INC,LSB.0001171
565,F & F FINE WINES INTERNATIONAL INC,LSL.0001457
566,F & V DISTRIBUTION COMPANY LLC,LSB.0000983
567,F L NAVARRO LTD,LSL.0001123
568,F X MAGNER SELECTIONS INC,LSL.0001165
569,FABRIZIA SPIRITS LLC,LSL.0001966
570,FAIRWINDS ESTATE LLC,LSW.0001512
571,FAIT MAIN LLC,LSW.0001667
572,FAMILIAR VENTURES LLC,LSW.0001880
573,FANTESCA LLC,LSW.0000775
574,FARTHEST STAR LLC,LSL.0002442
575,FASEL SHENSTONE LLC,LSL.0001768
576,FENNACY WINE COMPANY LLC,LSW.0001861
577,FERMENTED SCIENCES II,LSB.0001024
578,FERNRAY LLC,LSW.0001609
579,FEROVINUM INC.,LSL.0002502
580,FESS PARKER JR WINERY,LSW.0000037
581,FETZER VINEYARDS,LSL.0001483
582,FH WINES LLC,LSW.0001823
583,FIDDLEHEAD BREWING CO,LSB.0001072
584,FIDDLEHEAD CELLARS LP,LSW.0001730
585,FIFTH GENERATION DISTILLED SPIRITS INC,LSL.0002390
586,FIGGINS ESTATE LLC,LSW.0000645
587,FINE TERROIR SELECTIONS LLC,LCL.0000590
588,FINE TERROIR SELECTIONS LLC,LIW.0000629
589,FINESTKIND BREWING LLC,LSB.0001009
590,FIOR DI SOLE LLC,LSW.0001109
591,FIRST CUT BARREL CO LLC,LMS.0000024
592,FISHER VINEYARDS,LSW.0000249
593,FIVE VINES LLC,LSW.0000995
594,"FLANEUR WINES, LLC",LSW.0001705
595,FLIGHT IMPORTING LLC,LCL.0000596
596,FLINT KNOLL LLC,LSW.0001755
597,FLORA SPRINGS WINE COMPANY,LSW.0000737
598,FLYING BLUE IMPORTS LLC,LSL.0002240
599,FN CELLARS LLC,LSW.0001066
600,FN CELLARS LLC,LSW.0001067
601,FN CELLARS LLC,LSW.0001068
602,FN CELLARS LLC,LSW.0001069
603,FN CELLARS LLC,LSW.0001493
604,FOAM BREWERS LLC,LSB.0001230
605,FOLEY FAMILY WINES INC,LSL.0001291
606,FOLIO WINE COMPANY LLC,LSL.0000946
607,FONTANELLA WINES LLC,LSW.0001669
608,FORT ROSS VINEYARD & WINERY LLC,LSW.0000144
609,"FOSSIL & FAWN, LLC",LSW.0001728
610,FOUR BIRDS DISTILLING COMPANY LLC,LSL.0002139
611,FOUR FEATHERS WINE ESTATES LLC,LSL.0002232
612,FOX FARM BREWERY LLC,LMB.0001672
613,FOX RUN VINEYARDS INC,LSW.0001020
614,FOXEN VINEYARD INC,LSW.0000897
615,FRANCOLI USA,LSL.0001156
616,FRANK-LIN DISTILLERS PRODUCTS LTD,LSL.0001554
617,FREDERICK WILDMAN & SONS LTD,LSL.0000596
618,FREEMAN FAMILY WINERY LLC,LSW.0000636
619,FREIXENET MIONETTO USA INC,LSL.0001874
620,FREY FAMILY WINERY LLC,LSW.0001442
621,FREY VINEYARDS LTD,LSW.0000042
622,FRIAS FAMILY VINEYARD INC,LSW.0001535
623,FROG'S LEAP WINERY,LSW.0000673
624,FROST BEER WORKS LLC,LSB.0001105
625,FROTH BREWING CO. LLC,LSB.0001165
626,FRUIT OF THE VINES INC,LSL.0001148
627,"FS BEVERAGES, LLC",LSL.0002199
628,FULCRUM WINES LLC,LSW.0000610
629,"FULLERTON WINES, INC.",LSW.0001176
630,FURTHERMORE LLC,LSW.0001187
631,G K SKAGGS INC,LSB.0000850
632,G K SKAGGS INC,LSL.0001861
633,G K VENTURES LLC,LSB.0000944
634,G K VENTURES LLC,LSL.0000882
635,G S W C INC,LSL.0001793
636,G&I SPIRIT GROUP USA IMPORTATION LLC,LSL.0002270
637,G-BEV LLC,LMB.0001696
638,GALLICA WINES LLC,LSW.0001065
639,GAMBLE FAMILY VINEYARDS LLC,LSW.0000487
640,GAMBRINUS COMPANY (THE),LSB.0000863
641,GANDONA INC,LSW.0000716
642,"GARDEN CREEK VINEYARDS, LLC",LSW.0001711
643,GARGIULO VINEYARD LLC,LSW.0000710
644,GARY FRANSCIONI & SONS INC,LSW.0000447
645,GELOSO BEVERAGE GROUP LLC,LSB.0000954
646,GEMSTONE VINEYARDS LLC,LSW.0000628
647,GENERATIONS OF SONOMA LLC,LSW.0000836
648,GENESIS 123 WINE CORP,LSW.0001909
649,GERMAN WINE COLLECTION LLC,LSL.0002267
650,GESTALT WINE COMPANY,LSW.0001727
651,GF WINES LLC,LSW.0000653
652,GHOSTFISH BREWING COMPANY LLC,LSB.0001085
653,GIBSON WINE COMPANY,LSW.0001552
654,GIFT SERVICES INC,LSW.0001048
655,"GIL FAMILY ESTATES USA, INC",LSL.0002280
656,GIRARD WINERY LLC,LSW.0000332
657,GJS SALES INC,LSB.0001036
658,GLENN'S WINE LLC,LMW.0000002
659,"GLENPHARMER DISTILLERY, LLC",LSL.0002461
660,"GLOBAL BEVERAGE TEAM, LLC",LSL.0002439
661,GLOBAL SPIRITS USA LLC,LSL.0001480
662,GLOBAL UNIVERSAL SRL,LSL.0001839
663,GLOBAL VILLAGE IMPORTS LLC,LSB.0000711
664,GLOBAL VINEYARD IMPORTER INC,LSL.0001717
665,GLORIOUS REVOLUTION WINE INC,LSW.0001852
666,"GLUNZ FAMILY WINERY & CELLARS, INC.",LSW.0001843
667,GMIC VINEYARDS LLC,LSW.0000611
668,GOLDIN INVESTMENT II INC,LSW.0000712
669,GOLDRIDGE PINOT.COM LLC,LSW.0000409
670,GOLDSCHMIDT VINEYARDS LLC,LSL.0001022
671,GOOD BOY VODKA LLC,LSL.0002492
672,GOOD OMEN BOTTLING LLC,LSB.0000959
673,GOOSE RIDGE LLC,LSW.0000757
674,"GOOSECROSS, LLC",LSW.0000883
675,GOUVEIA VINEYARDS LLC,LFW.0000055
676,GRAFT CIDER LLC,LSW.0001290
677,GRAND CRU SELECTIONS LLC,LSL.0002432
678,GRAND REVE VINTNERS LLC,LSW.0001491
679,GRAPE EXPECTATIONS INC,LSL.0001817
680,GRAPES OF SPAIN INC,LSL.0001514
681,GRATEFUL RED LLC,LSW.0001768
682,GRATON SPIRITS COMPANY LLC,LSL.0001721
683,GRAVEL ROAD WINES LLC,LSL.0002351
684,GRAVESANDE BRAXTON DISTILLERS,LSL.0002151
685,GREATER GOOD IMPERIAL BREWING COMPANY,LSB.0001190
686,GREEN AND RED WINERY LLC,LSW.0001415
687,GREG & PAM HARRINGTON WINES LLC,LSW.0001595
688,GREG SANDERS LLC,LSW.0001071
689,GREY SAIL BREWING COMPANY LLC,LSB.0000806
690,GREY SAIL SPIRITS LLC,LSL.0001948
691,GRGICH HILLS CELLAR,LSW.0000259
692,GRIEB OPTIMAL WINECRAFTING LLC,LSW.0001876
693,GRIMM ALES LLC,LSB.0001196
694,GROTH VINEYARDS & WINERY,LSW.0000548
695,GROUNDED WINE PROJECT LLC,LSW.0001585
696,GROVEDALE WINERY AND VINEYARD INC,LSW.0001599
697,H C FOODS COMPANY LTD,LSB.0000996
698,HAFNER VINEYARD LLC,LSW.0001037
699,HAHN ESTATE,LSW.0000926
700,HALF FULL BREWERY INC,LMB.0001668
701,HALL WINES LLC,LSW.0001190
702,HALLECK VINEYARD,LSW.0001391
703,HALTER WINERY LLC,LSW.0000400
704,HAMEL FAMILY WINES LLC,LSW.0000969
705,HAMPTON RUM COMPANY,LSL.0002272
706,HAND PICKED SELECTIONS INC,LSL.0000938
707,HANDAL-DENIER VINEYARDS LLC,LSW.0001204
708,"HANDWRITTEN WINES, LLC",LSW.0001838
709,HAPPY DAD LLC,LSB.0001210
710,HARD SIX CELLARS LLC,LSW.0001367
711,"HARDBALL BEVERAGE, INC.",LSW.0001795
712,HARDER GROUP (THE),LSW.0001072
713,HARDSCRABBLE LLC,LMS.0000010
714,HARLAN ESTATE WINERY INC,LSW.0000214
715,HAROLD W MINER,LMW.0000008
716,HAROZA SELECT WINES LLC,LSL.0001971
717,HARPOON DISTRIBUTING COMPANY INC,LSB.0000650
718,HARPOON DISTRIBUTING COMPANY INC,LSL.0002109
719,HARRY & DAVID LLC,LSW.0000759
720,HARTFORD FLAVOR COMPANY,LMS.0000017
721,"HARTLEY & PARKER, LIMITED, LLC",LCL.0000514
722,"HARTLEY & PARKER, LIMITED, LLC",LIW.0000512
723,HAWAII SEA SPIRITS LLC,LSL.0001621
724,HAWK AND HORSE VINEYARDS LLC,LSW.0001113
725,HAWK RIDGE WINERY LLC,LFW.0000093
726,HAYNES ESTATE LLC,LSW.0001721
727,HEAVEN HILL SALES CO,LSL.0000594
728,HEAVENLY SPIRITS LLC,LSL.0002059
729,HEINEKEN USA INC,LSB.0000539
730,HEINEKEN USA INC,LSL.0001414
731,HEITZ CELLAR LLC,LSW.0001773
732,HELMSMAN IMPORTS LLC,LSL.0001994
733,HEMISPHERES LLC,LSW.0001509
734,HEMISPHERES LLC,LSW.0001569
735,HERITANCE VINTNERS LLC,LSW.0001239
736,HESS COLLECTION WINERY (THE),LSL.0000587
737,HETTA GLOGG LLC,LSW.0001209
738,HICKORY FARMS LLC,LSW.0001483
739,HICKORY LEDGES FARM LLC,LMS.0000018
740,HIDDEN RIDGE VINEYARD LLC,LSW.0001255
741,HILL ESTATES INC,LSW.0001138
742,HILLICK & HOBBS ESTATE LLC,LSW.0001540
743,HIRSCH WINERY LLC,LSW.0000667
744,HOFBRAUHAUS OF AMERICA LLC,LSB.0000981
745,HOGAN'S CIDER MILL LLC,LMW.0000018
746,HOLMAN RANCH LLC,LSW.0001564
747,HOLMBERG ORCHARDS INC,LFW.0000062
748,HOLMBERG ORCHARDS INC,LMW.0000009
749,HONIG VINEYARD AND WINERY LLC,LSW.0000442
750,HOOD RIVER DISTILLERS INC,LSL.0001512
751,HOOPES VINEYARDS & WINERY LLC,LSW.0000478
752,HOPE WINE LLC,LSW.0000503
753,HOPKINS VINEYARD LLC,LFW.0000043
754,HORNELL BREWING CO INC,LSB.0000567
755,HORNELL BREWING CO INC,LSL.0002490
756,HOTALING & CO LLC,LSL.0001373
757,HOUDINI INC,LSW.0000748
758,HOURGLASS WINE COMPANY INC,LSW.0000546
759,HOUSATONIC RIVER BREWING LLC,LMB.0001592
760,HOUSE OF BURGUNDY INC (THE),LSL.0001548
761,HQ WINERY LLC,LSW.0001403
762,HSIH NHH INV LLC,LSW.0001821
763,HUDSON VALLEY BEVERAGE CO INC,LSB.0000933
764,HUDSON WINES LLC,LSW.0001429
765,HUNDSON VALLEY DISTILLERS LLC,LSL.0002225
766,HUNEEUS WINES LLC,LSL.0002332
767,HUNEEUS WINES LLC,LSW.0001451
768,HUNEEUS WINES LLC,LSW.0001453
769,HUNEEUS WINES LLC,LSW.0001454
770,HUSCH VINEYARDS INC,LSW.0001500
771,HUSIC VINEYARDS LLC,LSW.0000938
772,HYDE WINES LLC,LSW.0001344
773,IANNUCCI SPIRITS LLC,LMW.0000015
774,ILARIA IMPORTS INC,LSL.0002077
775,IM PREMIUM IMPORTS LLC,LSL.0002233
776,"IN AGAVE WE TRUST, LLC",LSL.0002259
777,INDIAN PEAKS BREWING CO,LSB.0000887
778,INDIGENOUS SELECTIONS LLC,LSL.0001745
779,INK GRADE ESTATE VINEYARD LLC,LSW.0001776
780,INNOVINO INTERNATIONAL INC,LSL.0001708
781,INTERCONTINENTAL PACKAGING COMPANY,LSB.0001117
782,INTERCONTINENTAL PACKAGING COMPANY,LSL.0002051
783,INTERNATIONAL DISTILLERS & VINTERS LTD,LSB.0001062
784,INVOER EKKE LLC,LCL.0000652
785,IRON HORSE VINEYARDS A CA LTD PARTNERSHIP,LSW.0000043
786,ISLAND DISTRICT PROVISIONS LLC,LSL.0002018
787,ITHACA BEER COMPANY INC,LSB.0000687
788,Iconic Imports LLC,LSL.0002464
789,J C BOISSET WINES USA INC,LSL.0000580
790,J J COHN ESTATE LLC,LSW.0000569
791,J LOHR WINERY CORPORATION,LSW.0001248
792,J PEDRONCELLI WINERY INC,LSW.0000498
793,J PETERSON FAMILY WINE COMPANY LLC,LSW.0000740
794,J&J DISTILLERS LLC,LSL.0002428
795,"J. RICKARDS WINERY, LLC",LSW.0001683
796,J.A. IMPORTS LLC,LSW.0001798
797,J.A.E. WINE IMPORTS LLC,LSL.0002349
798,J3 WINE PARTNERS LLC,LSW.0001126
799,JACK POUST & CO INC,LSL.0000600
800,JACKS ABBY BREWING LLC,LSB.0000957
801,JACKSON FAMILY ENTERPRISES INC,LSL.0001092
802,JACUZZI FAMILY VINEYARDS LLC,LSW.0000289
803,JAILHOUSE SPIRITS LLC,LCL.0000638
804,JAM CELLARS INC,LSW.0001005
805,JAMA SPIRITS LLC,LSL.0001791
806,JAMES JOSEPH SANCTIFIED SPIRITS LLC,LSL.0002241
807,JANDELL SELECTIONS LTD,LCL.0000595
808,JAPAN PRESTIGE SAKE INTERNATIONAL INC,LSL.0001698
809,JC CELLARS,LSW.0001481
810,JD SELECTIONS LLC,LSL.0002364
811,JDZ INC,LSB.0000855
812,JEM BEVERAGE COMPANY LLC,LSL.0001637
813,JERRAM WINERY LLC,LFW.0000046
814,JESSUP CELLARS HOLDING COMPANY LLC,LSW.0001073
815,JFC INTERNATIONAL INC,LSL.0000533
816,JH WINE CONSULTING INC,LSW.0001929
817,JIM BEAM BRANDS CO,LSL.0000635
818,JOANNE BORDEAUX-USA. INC.,LSL.0002180
819,JOCK BEER LLC,LSB.0001208
820,JOHN FITCH DISTILLING LLC,LMS.0000016
821,JOLLY RODGERS BREWING COMPANY LLC,LMB.0001569
822,JONATHAN EDWARDS WINERY,LFW.0000048
823,JONES FAMILY FARMS WINERY,LFW.0000054
824,JOSEPH CHARLES OTOS,LCL.0000755
825,JOSEPH PHELPS VINEYARDS LLC,LSW.0000322
826,JOSEPH PRELI FARM WINERY LLC,LFW.0000090
827,JOSEPH VICTORI WINES INC,LSL.0000672
828,JULIET WINE INCORPORATED,LSW.0001752
829,JULII LUXURY BRANDS LLC,LSL.0001953
830,JUNESHINE INC,LSB.0001053
831,JUNESHINE INC,LSL.0002177
832,JUST ENOUGH WINES INC.,LSW.0001898
833,JUSTIN VINEYARDS & WINERY LLC,LSW.0000624
834,JUSTIN VINEYARDS & WINERY LLC,LSW.0001649
835,JVW CORPORATION,LSW.0000244
836,K VINTNERS LLC,LSW.0001015
837,K-BEST USA TRADING INC,LFW.0000106
838,KACHINA CELLARS LLC,LSW.0001180
839,KAHAL FAMILY VINEYARDS,LSW.0001405
840,KAMEN WINES LLC,LSW.0000097
841,KAPCSANDY FAMILY LLC,LSW.0001543
842,KASTEEL USA,LSB.0001189
843,KELLEHER FAMILY VINEYARD LLC,LSW.0001633
844,KELLER ESTATE LTD.,LSW.0001696
845,KELLEY STEARNS FOX WINES LLC,LSW.0001057
846,KEN BROWN WINES LLC,LSW.0000816
847,KEN WRIGHT CELLARS,LSW.0000074
848,KENEFICK RANCHES WINERY LLC,LSW.0001738
849,KENNETH S LIKITPRAKONG,LSW.0000408
850,KENTUCKY PEERLESS DISTILLING COMPANY LLC,LSL.0002187
851,KENWARD FAMILY VINEYARDS LLC,LSW.0000901
852,KENZO ESTATE INC,LSW.0000606
853,KERMIT LYNCH WINE MERCHANT INC,LSL.0000653
854,KERWIN ESTATE LLC,LSW.0000844
855,KEUKA SPRING VINEYARDS LLC,LSW.0001750
856,KIKI VODKA COMPANY LLC,LSL.0002388
857,KILTED KINSMEN BREWING COMPANY INC,LMB.0001661
858,KING ESTATE WINERY LIMITED PARTNERSHIP,LSL.0000775
859,KING OF CLUBS WINE LLC,LSW.0001856
860,KINGDOM OF THE HAWK LLC,LFW.0000111
861,KINGS CAREY LLC,LSW.0001680
862,KINGS COUNTY BREWERS COLLECTIVE,LSB.0001112
863,KINSELLA ESTATES LLC,LSW.0000843
864,KIONA VINEYARDS LLC,LSW.0001800
865,KIRBY MILL WINERY LLC,LMW.0000013
866,KIRO BESPOKE LLC,LMW.0000014
867,KISTLER VINEYARDS LLC,LSW.0000394
868,KLEIN FAMILY VINTNERS,LSL.0000548
869,KLINKER BRICK WINERY INC,LSW.0000156
870,KNIGHTS BRIDGE WINERY LLC,LSW.0001423
871,KOBRAND CORPORATION,LSL.0000595
872,KONSTANTIN D FRANK & SONS VINIFERA WINE CELLARS LTD,LSW.0001460
873,KORE WINE COMPANY LLC,LSW.0001757
874,KOVAL INC,LSL.0001452
875,KRA-ZE LLC,LSL.0001668
876,KRAFTIFY LLC,LSB.0001180
877,KRAUSE FAMILY CELLARS LLC,LSW.0001424
878,KREBS BREWING CO INC,LSB.0001154
879,KRUPP BROTHERS LLC,LSW.0000393
880,KT WINECO LLC,LSW.0000341
881,KV WINES LLC,LSW.0001433
882,KYSELA & PERE,LSL.0000689
883,LA CERVECERIA DE SAN LUIS LLC,LSB.0001158
884,LA VILLE IMPORTS INC,LCL.0000758
885,LA VILLE IMPORTS INC,LIW.0000772
886,LABATT USA OPERATING CO LLC,LSB.0000765
887,LABATT USA OPERATING CO LLC,LSL.0001883
888,LADERA WINERY LLC,LSW.0000625
889,LAETITIA VINEYARDS & WINERY LLC,LSW.0001859
890,LAGUNA OAKS VINEYARDS & WINERY INC,LSL.0002286
891,LAGUNITAS BREWING COMPANY (THE),LSB.0000689
892,LAIL VINEYARDS LLC,LSW.0000423
893,LAIRD & COMPANY,LSL.0000634
894,LAIRD FAMILY ESTATE LLC,LSW.0001477
895,LAKEFRONT BREWERY INC,LSB.0000728
896,LALO SPIRITS LLC,LSL.0002238
897,LAMBERT BRIDGE WINERY INC,LSW.0000140
898,LAMBORN FAMILY WINE COMPANY LP,LSW.0001106
899,LAND OF NOD WINERY LLC,LFW.0000044
900,LANGDON SHIVERICK INC,LSL.0001429
901,LANGE WINERY LLC,LSW.0000650
902,LANGTRY FARMS LLC,LSW.0001805
903,LAPULGA COMPANY LLC,LSL.0002398
904,LARKMEAD VINEYARDS,LSW.0000356
905,LAS JARAS WINES LLC,LSW.0001646
906,LASSETER FAMILY WINERY LLC,LSW.0000913
907,LASTING BRASS BREWING COMPANY LLC,LMB.0001614
908,"LATITUDE WINES, LLC",LSL.0002283
909,LATOUR LATOUR INC,LSL.0000794
910,LAUREATE IMPORTS & MARKETING COMPANY INC,LSL.0000695
911,LAURENT-PERRIER U S INC,LSL.0000553
912,LAW ESTATE WINES,LSW.0000905
913,LAWER FAMILY WINERY INC,LSW.0000612
914,LAWRENCE WINE ESTATES LLC,LSW.0001645
915,LAWSON'S FINEST LIQUIDS LLC,LMB.0001547.AP
916,LAWSON'S FINEST LIQUIDS LLC,LSB.0000882
917,LCS ENTERTAINMENT INC,LSL.0002358
918,LDH CELLARS LLC,LSL.0002468
919,LE VIGNE WINERY,LSW.0001760
920,LEELANAU WINE CELLARS LTD,LSW.0001589
921,"LEFGROUP, LLC",LSL.0002214
922,LEMELSON WINERY LLC,LSW.0001526
923,LEMONATI LLC,LSB.0001167
924,LEMONATI LLC,LSL.0002346
925,LEONARDINI FAMILY WINERY LLC,LSW.0000326
926,LEONETTI CELLAR LLC,LSW.0000216
927,LES BREBIS LLC,LSW.0001152
928,LESLIE RUDD LIVING TRUST,LSW.0000200
929,LEVECKE CORPORATION,LSL.0001362
930,LEVENDI LLC,LSW.0001796
931,"LEVINE DISTRIBUTING CO , LLC",LIW.0000527
932,LIBERTY PRODUCTION LLC,LSL.0002191
933,LIEBER BROS INC,LSL.0002228
934,LIMERICK LANE CELLARS INC,LSW.0001213
935,LINKS DRINKS,LSL.0001870
936,LINSFIELD WINE CO LLC,LSW.0001406
937,LINWOOD WINE AND SPIRIT LLC,LSL.0001719
938,LION BREWERY INC (THE),LSB.0000599
939,"LION NATHAN USA, INC",LSL.0001180
940,LIQD LLC,LMS.0000028
941,LITTLE RIVER WINERY LLC,LMW.0000040
942,LITTORAI WINES (THE),LSW.0000426
943,LLAURADOR WINES LLC,LSL.0002078
944,LMR WINE ESTATES LLC,LSW.0001505
945,"LOBOS 1707 SPIRITS, LLC",LSL.0002475
946,LOG STILL DISTILLING LLC,LSL.0002463
947,LONDON HOLDING CO. LLC,LSL.0002493
948,LONE PINE BREWING COMPANY,LSB.0001018
949,LONE STAR DISTILLERY LLC,LSL.0001600
950,LONE STAR WINE AND SPIRITS LLC,LSL.0001471
951,LONG SHADOWS VINTNERS LLC,LSW.0000750
952,LONKERO LLC,LSL.0002239
953,LORD HOBO BREWING COMPANY LLC,LSB.0000913
954,LORE OLDS,LSW.0001777
955,LORENZI ESTATE WINES INC,LSW.0001529
956,LOST ACRES VINEYARD LLC,LFW.0000074
957,"LOST OAK VINEYARDS, LLC",LFW.0000108
958,LOST TOURIST BREWING LLC,LMB.0001555
959,LOVERBOY INC,LSL.0002122
960,LUCKY BEVVIES LLC,LSL.0002319
961,LUNA BAY CO.,LSB.0001178
962,LUNEAU USA INC,LCL.0000542
963,LUNEAU USA INC,LIW.0000545
964,LUPPOLETO LLC,LMB.0001584
965,LUSTY CLAW INTERNATIONAL LLC,LSL.0002237
966,LUXCO INC,LSL.0000628
967,"LUXURY SPIRITS INTERNATIONAL, LLC",LSL.0002274
968,LYNMAR WINERY LLC,LSW.0000929
969,LYVELY DRINKS INC,LSL.0002339
970,M S WALKER INC,LSL.0000706
971,MACARI VINEYARDS AND WINERY LTD,LSW.0001389
972,MACCHU PISCO LLC,LSL.0001633
973,MACH FLYNT INC,LSL.0001188
974,MACK & SCHUHLE INC,LSB.0001164
975,MACK & SCHUHLE INC,LSL.0001895
976,MAD SCIENTISTS BREWING PARTNERS LLC,LSB.0000820
977,MADAIAH FAMILY PARTNERS LP,LSW.0001150
978,MADSON WINES LLC,LSW.0001941
979,MAGNOLIA TREE IMPORTS LLC,LSL.0002469
980,MAINE BEER COMPANY LLC,LSB.0000836
981,MAINE DISTILLERIES LLC,LSL.0002044
982,MAINSHEET CAPITAL INC,LSB.0001075
983,MAISON THOMAS LLC,LSL.0002298
984,MAISONS MARQUES & DOMAINES USA,LSL.0000670
985,MAITRE DE CHAI LLC,LSW.0001934
986,MAIVINO INC.,LSL.0002333
987,MAKER WINE COMPANY,LSW.0001598
988,MAKK WINE LLC,LSW.0000829
989,MANCAN WINE LLC,LSL.0002080
990,MARA INTERNATIONAL GROUP,LSL.0001887
991,MARCASSIN WINE CO LLC,LSW.0001558
992,MARGERUM WINERY COMPANY INC,LSW.0001092
993,MARIETTA CELLARS INC,LSW.0000856
994,MARIPOSA WINE COMPANY LLC,LSW.0000975
995,MARK ANTHONY BRANDS INC,LSL.0001398
996,"MARK ANTHONY BRANDS, INC",LSB.0000519
997,MARK RYAN WINERY LLC,LSW.0001392
998,MARQUEE SELECTIONS LLC,LSL.0001223
999,MARTIGNETTI GROCERY CO LLC,LSL.0001493
1000,MARTIN ARTISAN LLC,LSW.0001710
1001,MARTIN RAY WINERY INC,LSW.0000101
1002,MARTINELLI WINERY INC,LSW.0001129
1003,MARTLET IMPORTING CO INC,LSL.0000565
1004,MARUSSIA BEVERAGES USA INC,LSL.0000678
1005,MASSANOIS LLC,LSL.0001528
1006,MAST-JAEGERMEISTER US INC,LSL.0000671
1007,MASTER THE WORLD INC,LSW.0001749
1008,MATCHBOOK DISTILLING COMPANY LLC,LSL.0002335
1009,MATCHVINO LLC,LSL.0002010
1010,MATHY WINERY LLC,LSW.0000311
1011,MATT BREWING CO INC,LSB.0000550
1012,MATTHEW STANLEY KINNE HOLLY LOUISE KINNE,LSW.0001591
1013,MAUGLE SIERRA VINEYARDS LLC,LFW.0000066
1014,MAXEM WINES LLC,LSW.0001583
1015,MAYACAMA FARMS LLC,LSW.0001346
1016,MAYACAMAS VINEYARDS,LSW.0000881
1017,MAYFAIR WINES & SPIRITS LLC,LSL.0002367
1018,MAYFLOWER BREWING COMPANY LLC,LSB.0000834
1019,MAYSARA WINERY LLC,LSW.0001216
1020,MCBRIDE SISTERS COLLECTIONS INC,LSL.0001979
1021,MCCLINTOCK DISTILLING,LSL.0002372
1022,MCCORMICK DISTILLING CO INC,LSL.0000774
1023,MCINTYRE VINEYARDS INC,LSW.0001099
1024,MCKENZIE'S BEVERAGES INC,LSL.0001432
1025,MCSCHERK GRAPE HOLDINGS LLC,LSW.0001652
1026,MEADOWOOD ASSOCIATES A LIMITED PARTNERSHIP,LSW.0000453
1027,MEDEK WINE & SPIRITS CORP,LSL.0000752
1028,MEDLOCK AMES VINTNERS LLC,LSW.0000985
1029,MEDUSA BREWING COMPANY INC,LSB.0001108
1030,MELVILLE VINEYARD & WINERY LLC,LSW.0000211
1031,MEM LLC,LSW.0001214
1032,MENDOCINO WINE GROUP LLC,LSL.0001672
1033,MER ET SOLEIL LLC,LSW.0000865
1034,"MERCER WINE ESTATES, LLC",LSW.0001877
1035,MERCHANT DU VIN CORPORATION,LSB.0000898
1036,MERCHANT DU VIN CORPORATION,LSL.0001570
1037,MERRYVALE VINEYARDS,LSW.0001060
1038,METAMORPHOSIS WINES LLC,LSW.0001238
1039,METIER LLC,LSW.0001810
1040,METTLER WINES LLC,LSW.0001143
1041,MEV CORPORATION,LSW.0000563
1042,MEXCOR INC,LSL.0001213
1043,MHM GLASS ETCHING INC,LSW.0001563
1044,MHW LTD,LSB.0000524
1045,MHW LTD,LSL.0000675
1046,MI SUENO WINERY,LSW.0001542
1047,MICHAEL SKURNIK WINES INC,LSL.0000812
1048,MICHEL VINEYARDS LP,LSW.0001786
1049,MIDDLE WEST SPIRITS,LSL.0001990
1050,MIDNIGHT CELLARS INC,LSW.0000159
1051,MIGHTY SQUIRREL LLC,LSB.0001193
1052,MIGHTY SWELL COCKTAIL COMPANY LLC,LSB.0001007
1053,MILBRANDT FAMILY WINES LLC,LSW.0001079
1054,MILDARA BLASS INC,LSL.0000966
1055,MILE HIGH SPIRITS LLC,LSL.0001594
1056,MILL CREEK VINEYARDS & WINERY,LSW.0000188
1057,"MILL HOUSE HOSPITALITY, INC",LSB.0001121
1058,MILLBROOK WINERY INC,LSW.0000150
1059,MILLER FAMILY WINE COMPANY LLC,LSW.0000773
1060,"MILLSTONE SPIRITS GROUP, LLC",LSL.0002436
1061,MILTON'S DISTRIBUTING CO INC,LSL.0000726
1062,MINA FOODS INC,LCL.0000614
1063,MINE HILL DISTILLERY LLC,LMS.0000023
1064,MIRA WINERY LLC,LSW.0000620
1065,MIRASOL WINE LLC,LSW.0001707
1066,MISA IMPORTS INC,LSL.0001248
1067,MODEL FARM LLC,LSW.0001703
1068,MOET HENNESSY USA INC,LSL.0000933
1069,MOLLY AIDA CORPORATION,LSW.0001515
1070,MOLLYDOOKER INTERNATIONAL LLC,LSL.0001053
1071,MOLSON COORS BEVERAGE COMPANY USA LLC,LSB.0000748
1072,MOLSON COORS BEVERAGE COMPANY USA LLC,LSL.0001888
1073,MOLSON COORS BEVERAGE COMPANY USA LLC,LSW.0000764
1074,"MON PREMIER WINES, LLC",LSW.0001938
1075,MONDAVI SISTERS COLLECTION LLC,LSW.0001263
1076,MONSIEUR TOUTON SELECTION LTD,LCL.0000525
1077,MONSTER BREWING COMPANY LLC,LSB.0000763
1078,MONTAUK BREWING COMPANY INC,LSB.0001149
1079,"MONTAUK BREWING COMPANY, INC.",LMB.0001557.AP
1080,MONTE RIO PARTNERS LLC,LSW.0001842
1081,"MORGAN WINERY, INC.",LSL.0000729
1082,MORLET SELECTION INC,LSW.0000383
1083,MORLEY WINERY LLC,LSW.0001334
1084,MORNE WINE COMPANY (THE),LSW.0000729
1085,MOSHIN VINEYARDS INC,LSW.0000413
1086,MOSIER LLC,LSW.0001571
1087,MOUNT VEEDER SPRINGS LLC,LSW.0001100
1088,MOUNTAIN LAUREL SPIRITS LLC,LSL.0001972
1089,MOUNTAIN PEAK VINEYARDS LLC,LSW.0000980
1090,MPL BRANDS NV INC,LSB.0001070
1091,MPL BRANDS NV INC,LSL.0001886
1092,MR WINE LLC,LSL.0001940
1093,MS WINES LLC,LSW.0001556
1094,MSW CT LLC,LIW.0000594
1095,MSW CT LLC,LIW.0000775
1096,MURPHY BEVERAGE COMPANY INC,LCL.0000587
1097,MURPHY BEVERAGE COMPANY INC,LIW.0000627
1098,MY FAVORITE NEIGHBOR LLC,LSW.0001603
1099,MYRCENE ALE COMPANY LLC,LMB.0001685
1100,NANTUCKET VINEYARD LLC,LSW.0001546
1101,"NAPA WINERY GROUP, LLC",LSW.0001741
1102,NARRAGANSETT BREWING COMPANY,LSB.0000691
1103,NASHAWTUC LLC,LSL.0001997
1104,NATIONAL CONSUMER CREDIT GUARANTEE ASSOC OF CT INC,LSL.0001100
1105,NAVARRO VINEYARDS LLC,LSW.0000680
1106,NBM INC.,LCL.0000771
1107,"NCWC, LLC",LSW.0001637
1108,NE FLAT CREEK LLC,LSW.0001862
1109,NEAL FAMILY VINEYARDS LLC,LSW.0001520
1110,NEATLY SPIKED LLC,LSL.0002434
1111,NESHOBE RIVER CO. LLC,LSB.0001195
1112,NEW BELGIUM BREWING COMPANY INC,LSB.0000922
1113,NEW ENGLAND BREWING COMPANY LLC,LMB.0001570
1114,NEW ENGLAND CIDER COMPANY LLC,LMW.0000017
1115,NEW HOLLAND BREWING CO,LSL.0002243
1116,"NEW LAST BOTTLE, INC.",LSW.0001762
1117,NEW MEXICO WINERIES INC,LSW.0000679
1118,NEW PARK BREWING LLC,LMB.0001662
1119,NEW PARROTT & COMPANY,LSL.0000646
1120,NEW VAVIN INC,LSW.0000089
1121,NEW VINELAND LLC,LSW.0001551
1122,NEW YORK CRAFT COALITION LLC,LSB.0001183
1123,NEW YORK MUTUAL TRADING INC,LSL.0000965
1124,NEWPORT VINEYARDS & WINERY,LSW.0001662
1125,NEWTON VINEYARD LLC,LSW.0001516
1126,"NEXT CENTURY SPIRITS MANUFACTURING, LLC",LSL.0002429
1127,NEXUS BRANDS LLC,LSL.0001652
1128,NICALI LLC,LSW.0000382
1129,NIEBAUM COPPOLA ESTATE WINERY INC,LSL.0000915
1130,"NIGHT SHIFT BREWING, INC.",LSB.0001129
1131,"NIGHT SHIFT LOVEJOY, LLC",LSL.0002500
1132,NINE PIN CIDERWORKS LLC,LSW.0001441
1133,NINER WINE ESTATES LLC,LSW.0000152
1134,NO REGISTRADO,NO REGISTRADO
1135,NOBLE BEAST WINEHOUSE LLC,LSW.0001772
1136,NOCA BEVERAGES INC,LSB.0001046
1137,NOD HILL BREWERY INC,LMB.0001610
1138,"NOJOQUI RANCH, LLC",LSW.0001664
1139,NOMADICA WINE,LSW.0001605
1140,NORBROOK FARM BREWERY LLC,LMB.0001579
1141,"NORTH CHAIR BREWING, LLC",LSB.0001213
1142,NORTH COAST BREWING CO INC,LSB.0000682
1143,NORTHEAST BEVERAGE CORP OF CT,LIW.0000518
1144,NORTHEAST WINEMAKING LLC,LMW.0000023
1145,NOTCH BREWING LLC,LSB.0001199
1146,NOVA WINES INC,LSW.0000744
1147,O'BRIEN FAMILY VINEYARDS LLC,LSW.0001308
1148,O'NEILL BEVERAGES CO LLC,LSL.0002002
1149,O'NEILL BEVERAGES CO LLC,LSW.0000576
1150,O'NEILL BEVERAGES CO LLC,LSW.0001414
1151,O'SHAUGHNESSY DEL OSO LLC,LSW.0000817
1152,OAK RIDGE WINERY LLC,LSW.0000570
1153,OAKVILLE HILLS CELLARS INC,LSW.0000721
1154,OAKVILLE RANCH WINERY INC,LSW.0001145
1155,OBLOQUY INC,LSW.0000734
1156,OBSIDIAN RIDGE WINE CO LLC,LSW.0000169
1157,OKP LLC,LSW.0001729
1158,OLD BRIDGE CELLARS,LSL.0000584
1159,OLD ELK DISTILLERIES LLC,LSL.0001853
1160,OLD VINE WINE PARTNERS LLC,LSW.0001024
1161,OLDE WORLD IMPORTS INC,LSB.0000695
1162,OLDE WORLD IMPORTS INC,LSL.0000974
1163,OLE IMPORTS LLC,LSL.0001844
1164,OLE SMOKY DISTILLERY LLC,LSL.0001361
1165,ONE TRUE VINE LLC,LSL.0001142
1166,ONV WASHINGTON LLC,LSW.0001103
1167,OPICI IMPORT CO,LSL.0002268
1168,ORDINEM ECENTRICI COCTORES LLC,LMB.0001670
1169,OREGON BREWING COMPANY,LSB.0000670
1170,OREGON BREWING COMPANY,LSL.0002396
1171,ORVINO IMPORTS & DISTRIBUTING INC,LSL.0001977
1172,OTHER HALF BREWING CO INC,LSB.0001151
1173,OUTER LIGHT BREWING COMPANY LLC,LMB.0001669
1174,OUTWARD WINES LLC,LSW.0001701
1175,"OVERSHINE CELLARS, LLC",LSW.0001914
1176,OVERSHORES BREWING CO,LMB.0001666
1177,OYSTER RIVER WINEGROWERS LLC,LSW.0001899
1178,OZ WINERY LLC,LSW.0001635
1179,PABST BREWING COMPANY,LSB.0000506
1180,PABST BREWING COMPANY LLC,LSL.0001932
1181,PACIFIC INTERNATIONAL LIQUOR INC,LSL.0000876
1182,"PACKAGING AND PRIVATE LABELS, INC",LSL.0002234
1183,PALI WINE COMPANY LP,LSW.0000598
1184,PALM BAY INTERNATIONAL INC,LSL.0000592
1185,PALOMA VINEYARD LLC,LSW.0000218
1186,PAN AMERICAN PROPERTIES CORP,LSL.0001726
1187,PARADISE HILLS VINEYARD & WINERY LLC,LFW.0000073
1188,PARADISE RIDGE WINERY,LSW.0001466
1189,PARADOX BREWERY LLC,LSB.0001221
1190,PARK STREET DIRECT OF CA LLC,LSL.0002141
1191,"PARK STREET IMPORTS, LLC",LSB.0000986
1192,"PARK STREET IMPORTS, LLC",LSL.0001299
1193,PAROLVINI US CORP,LCL.0000618
1194,"PASSIONFRUIT ESTATE, LLC",LMW.0000034
1195,PATEL BREW LLC,LSB.0001197
1196,PATERNO IMPORTS LTD,LSL.0000656
1197,PATLAND ESTATE VINEYARDS LLC,LSW.0001450
1198,PATZ & HALL PREMIUMCO LLC,LSL.0002347
1199,PAUL HOBBS WINERY LP,LSW.0000192
1200,PAUL LATO WINES LLC,LSW.0001467
1201,PAULANER USA LLC,LSB.0000789
1202,PEACHY CANYON WINERY,LSW.0000696
1203,PEAK ORGANIC BREWING CO LLC,LMB.0001527.AP
1204,PEAK ORGANIC BREWING CO LLC,LSB.0000705
1205,PEAK ORGANIC BREWING CO LLC,LSL.0002056
1206,"PEARCE FAMILY WINES, LLC",LSW.0001902
1207,PEARL LAKE DISTRIBUTORS LLC,LSL.0001011
1208,PEIRANO ESTATE WINERY INC,LSW.0001459
1209,PEJU FAMILY OPERATING PARTNERSHIP LP,LSW.0000854
1210,"PELICAN HEAD INDUSTRIES, LLC",LSL.0002235
1211,PENELOPE BOURBON LLC,LSL.0001924
1212,PENROSE HILL LIMITED,LSL.0001742
1213,PEPPER BRIDGE WINERY LLC,LSW.0000088
1214,PERCHANCE ESTATES LLC,LSW.0001575
1215,PERKINS & HARTER LLC,LSW.0001833
1216,"PERLISS ESTATE VINEYARDS, LLC",LSW.0001640
1217,PERNOD RICARD KENWOOD HOLDING LLC,LSW.0000979
1218,PERNOD RICARD USA LLC,LSL.0000863
1219,PERNOD RICARD WINEMAKERS NAPA LLC,LSW.0001207
1220,PETER FRANUS WINE COMPANY INC,LSW.0000324
1221,PETER MICHAEL WINERY,LSW.0000398
1222,PETER PAUL WINES LLC,LSL.0001215
1223,PETERSON WINERY LLC,LSW.0000472
1224,PETIT VIN LLC,LSL.0002158
1225,PEVI WINE IMPORTER LLC,LSL.0002343
1226,PFD BEVERAGES LLC,LSL.0002276
1227,PHASE 2 CELLARS LLC,LSW.0001394
1228,PHILIP TOGNI VINEYARD LP,LSW.0001812
1229,PHILLIPS FAMILY FARMING LLC,LSW.0001396
1230,PHILLIPS FARMS LLC,LSW.0000619
1231,PHOENIX WINE COMPANY LLC,LSW.0001593
1232,PHUSION PROJECTS LLC,LSB.0000782
1233,PHUSION PROJECTS LLC,LSL.0001645
1234,PIEDMONT DISTILLERS INC,LSL.0001359
1235,"PIGASUS, LLC",LSB.0001204
1236,PINDAR VINEYARDS LLC,LSW.0001528
1237,PINE RIDGE WINERY,LSL.0001017
1238,PINE RIDGE WINERY LLC,LSW.0000456
1239,PINE RIDGE WINERY LLC,LSW.0000728
1240,PIO IMPORTS LLC,LSL.0002105
1241,PJK WINERY LLC,LSW.0000253
1242,PL BRANDS INC,LSL.0002116
1243,PLAID DUCK BEVERAGES LLC,LSL.0002410
1244,PLATA WINE PARTNERS LLC,LSW.0000310
1245,PLATA WINE PARTNERS LLC,LSW.0001908
1246,PLUME RIDGE IRREVOCABLE TRUST,LSL.0002069
1247,PONFEIGH DISTILLERY LLC,LSL.0002437
1248,POPCORN DESIGN LLC,LSL.0001598
1249,POPE'S RTC LLC,LSL.0002408
1250,PORT WASHINGTON IMPORTS LLC,LSL.0001544
1251,PORTER CREEK VINEYARDS LLC,LSW.0000875
1252,PORTOVINO LLC,LSL.0001982
1253,POST MERIDIEM SPIRIT COMPANY,LSL.0002007
1254,POTT WINE CORP,LSW.0000959
1255,POUR MANAGEMENT LLC,LSW.0001915
1256,POWDER HOLLOW BREWERY LLC,LMB.0001621
1257,POWDERMEN SPIRITS COMPANY LLC,LMS.0000007
1258,PRECEPT BRANDS LLC,LSL.0000871
1259,PRECEPT BRANDS LLC,LSW.0001225
1260,PRECISION BRAND COLLECTION WINE & SPIRITS LLC,LSL.0001941
1261,PREMIER INNOVATIONS GROUP INC,LSL.0002256
1262,PREMIER WINE GROUP LLC,LSL.0002401
1263,PREMIUM BEVERAGE SOLUTIONS LLC,LSL.0002324
1264,"PREMIUM PORT WINES, INC.",LSL.0000636
1265,PREMIUMCO LLC,LSW.0001694
1266,PRESERVATION DISTILLERY LLC,LSL.0002085
1267,PRESQU'ILE WINERY,LSW.0001178
1268,PRESTIGE WINE IMPORTS,LSL.0000608
1269,PRESTON RIDGE VINEYARD,LFW.0000075
1270,"PRESTON VINEYARDS, INC.",LSW.0001651
1271,PRIAM VINEYARDS LLC,LFW.0000050
1272,PRIDE MOUNTAIN VINEYARDS LLC,LSW.0000298
1273,PRIMOS IMPORTS LLC,LSL.0002164
1274,"PROGRESSION INVESTMENTS, LLC",LSB.0001238
1275,PROGRESSIVE BERAGES INC,LSL.0002318
1276,PROJECT LOGAN LLC,LSW.0001049
1277,"PROLIFIC BEVERAGE, LLC",LSL.0002169
1278,PROMONTORY LLC,LSW.0001026
1279,PROVISION SPIRIT LLC,LSL.0001947
1280,PROXIMO SPIRITS INC,LSL.0001254
1281,"PTFORD, LLC",LMB.0001636
1282,PUAMANA LLC,LSW.0000978
1283,PURPLE WINE COMPANY LLC,LSW.0000919
1284,Pampa Beverages LLC,LSL.0002480
1285,QM 1 LLC,LCL.0000734
1286,QUADY SOUTH WINERY LLC,LSW.0001014
1287,QUANTUM WINES LLC,LSW.0001362
1288,QUIGLEY FINE WINES LLC,LSW.0001420
1289,QUILCEDA CREEK VINTNERS INC,LSW.0000492
1290,QUINTESSENTIAL LLC,LSL.0000971
1291,QUIRK WORKS BREWING AND BLENDERY INC.,LMB.0001658
1292,QUIXOTE WINERY,LSW.0001329
1293,R H KEENAN CO,LSW.0000638
1294,R LAWSON ENTERPRISES LLC,LSW.0001854
1295,R S LIPMAN COMPANY (THE),LSL.0001449
1296,RADIO COTEAU WINE CELLARS LLC,LSW.0000352
1297,RAM'S GATE WINERY,LSW.0001317
1298,RAMEY WINE CELLARS INC,LSW.0000950
1299,RASA VINEYARDS LLC,LSW.0000752
1300,"RB WINE ASSOCIATES, LLC",LSW.0001759
1301,RBZ VINEYARDS LLC,LSW.0000467
1302,REALI FAMILY VINEYARDS LLC,LSW.0001904
1303,REBECCA CREEK DISTILLERY LLC,LSL.0002341
1304,REBRAND CO,LSB.0001234
1305,RED CAR WINE COMPANY LLC,LSW.0000182
1306,RED NEWT CELLARS INC,LSW.0001075
1307,"RED SHAKER, INC",LSL.0002395
1308,REDDING BEER COMPANY LLC,LMB.0001612
1309,REDEMPTION SPIRITS LLC,LSL.0001354
1310,REED'S INC,LSB.0001098
1311,REGAL WINE IMPORTS INC,LSL.0001343
1312,REGUSCI WINERY INC,LSW.0000894
1313,RELIC BREWING CO. LLC,LMB.0001580
1314,REMY COINTREAU USA,LSL.0000547
1315,REN ACQUISITION INC,LSW.0001210
1316,REN HARRIS,LSW.0000185
1317,"RENAISSANCE SELECTIONS, LLC",LSL.0002433
1318,RENTERIA WINES,LSW.0001000
1319,RESERVA WINES LLC,LSL.0001640
1320,RESONANCE WINES LLC,LSW.0001326
1321,"RESURRECTION BRANDS, LLC",LSL.0002210
1322,REVANA FAMILY PARTNERS LP,LSW.0000443
1323,REVERIE BREWING COMPANY LLC,LMB.0001657
1324,REYNOLDS CREATIVE PRODUCTS INC,LSW.0001320
1325,RHB ACQUISITION LLC,LSB.0001223
1326,RHYS VINEYARDS LLC,LSW.0000670
1327,RI BREWERY COLLECTIVE LLC,LSB.0001125
1328,RIDGE VINEYARDS INC,LSW.0000222
1329,"RIGHT SIDE, LLC",LSW.0001882
1330,RIVER ROOTS BARREL CO LLC,LSL.0002412
1331,RIVERBENCH LLC,LSW.0001377
1332,RJ FRIES ENTERPRISES LLC,LSL.0002313
1333,RO SALES & DISTRIBUTION SERVICES INC,LSL.0001560
1334,ROBERT CRAIG WINERY LP,LSW.0000368
1335,ROBERT FOLEY LLC,LSW.0000386
1336,ROBERT KACHER SELECTION,LSL.0000771
1337,ROBERT MAZZA INC,LSL.0001761
1338,ROBERT MONDAVI INVESTEMENTS & B.PH.R. INC.,LSL.0000753
1339,ROBERT MONDAVI WINERY,LSW.0001276
1340,ROBINSON FAMILY VINEYARDS LLC,LSW.0001465
1341,ROCHE WINERY LLC,LSW.0001244
1342,ROCKMERE VINEYARDS LLC,LSW.0001518
1343,ROEDERER ESTATE INC,LSL.0002435
1344,ROGERS ORCHARDS CIDERY LLC,LFW.0000110
1345,ROJAS INTERNATIONAL CORPORATION,LCL.0000591
1346,"ROLIVIA, INC.",LSL.0002291
1347,ROMAN VINEYARDS LLC,LSW.0001670
1348,ROMBAUER VINEYARDS LLC,LSL.0001936
1349,ROMBAUER VINEYARDS LLC,LSL.0002338
1350,ROOTED FAMILY WINES LLC,LSW.0001947
1351,ROOTS RUN DEEP LLC,LSW.0001130
1352,ROSABIANCA VINEYARDS LLC,LFW.0000083
1353,ROSEDALE VINYARDS LLC,LFW.0000056
1354,ROSENTHAL WINE MERCHANT (NY) LTD,LCL.0000564
1355,ROSENTHAL WINE MERCHANT (NY) LTD,LIW.0000597
1356,ROSINA'S VINEYARD LLC,LSW.0001661
1357,ROSINA'S VINEYARD LLC,LSW.0001951
1358,ROUND 2 SPIRITS LLC,LSL.0002296
1359,ROUND HILL CELLARS,LSW.0000351
1360,ROUND POND ESTATE LLC,LSW.0000245
1361,ROUST USA INC,LSL.0002202
1362,ROYAL WE LLC,LSW.0001875
1363,ROYALTEN LLC,LSL.0002216
1364,RTB MANAGEMENT LLC,LSW.0000632
1365,RTM IMPORTS LLC,LSL.0002062
1366,RTV WINERY LLC,LSW.0001808
1367,RUBIN WINES LLC,LSW.0001101
1368,RULE OF 3 BREWING LLC,LMB.0001687
1369,"RUSSIAN RIVER VINEYARDS, LLC",LSW.0001900
1370,RUSSIAN STANDARD VODKA (USA) INC,LSL.0002320
1371,RUSTIC SPIRITS LLC,LSL.0002488
1372,RUTHERFORD HILL WINERY,LSW.0000727
1373,SAGAMORE WHISKEY LLC,LSL.0001704
1374,SAKEONE CORPORATION,LSW.0000958
1375,"SALVESTRIN WINE COMPANY, LLC",LSW.0001639
1376,SAM MALONE BREWING CO INC,LMB.0001625
1377,"SAMANDLA WINE IMPORTS, LLC",LSL.0002326
1378,SAMANTHA SHEEHAN IMPORTS,LSW.0001488
1379,SAN ANTONIO WINERY INC,LSL.0001589
1380,SAN JOAQUIN WINE COMPANY INC.,LSW.0001378
1381,SANDHI VINTNERS LLC,LSW.0001234
1382,SANGLIER SELECTIONS LLC,LSL.0001644
1383,"SANGUIS, LLC",LSW.0001241
1384,SANTA MARGHERITA USA INC,LSL.0001533
1385,SAPPORO USA INC,LSB.0000517
1386,SARENE CRAFT BEER DISTRIBUTORS LLC,LSB.0000908
1387,SARMENTO'S IMPORTS & EXPORTS INC,LSL.0002282
1388,SAUER PATCH KIDS LLC,LSL.0002330
1389,SAUSKA WINES LLC,LCL.0000643
1390,SAUVAGE BEVERAGES LLC,LSL.0002415
1391,SAVAGE RABBIT DISTRIBUTING INC.,LSL.0002491
1392,SAVINO VINEYARDS,LFW.0000058
1393,SAVIO SOARES SELECTIONS CORP,LSL.0002072
1394,SAVORIAN INC,LCL.0000625
1395,SAZERAC CO INC,LSB.0001239
1396,SAZERAC CO INC,LSL.0000711
1397,"SCAR OF THE SEA WINES, LLC",LSW.0001771
1398,SCHAFER-REICHART SELECTIONS INC,LSB.0000936
1399,SCHEID VINEYARDS CALIFORNIA INC,LSW.0000707
1400,"SCHENK WINES USA, INC.",LSL.0002443
1401,SCHRADER CELLARS LLC,LSW.0000521
1402,SCHRAMSBERG VINEYARDS CO INC,LSL.0001146
1403,SCHWEIGER VINEYARDS INC,LSW.0001259
1404,SCREAMING EAGLE LLC,LSW.0000268
1405,SEA ISLE ICE SPIKED ICE TEA LLC,LSB.0001168
1406,SEA SMOKE INC,LSW.0000096
1407,SEA SUN WINERY LLC.,LSW.0001713
1408,SEAMAN'S BEVERAGE AND LOGISITICS LLC,LSL.0002103
1409,SEAVER VINEYARDS LLC,LSW.0000337
1410,SEAVEY VINEYARD LP,LSW.0000834
1411,SEBASTOPOL VINEYARDS & WINERY CORP,LSW.0000429
1412,SELECTIONATUREL LLC,LSL.0002217
1413,SELECTIVE WINE ESTATES INC,LSL.0001012
1414,SENOR SANGRIA,LSL.0001384
1415,SEQUOIA GROVE VINEYARDS LP,LSW.0000793
1416,SERENDIPITY WINES LLC,LSL.0001905
1417,SERGE DORE SELECTIONS LTD,LSL.0001933
1418,SERRALLES USA LLC,LSL.0001372
1419,SHACKSBURY HOLDINGS INC,LSL.0002036
1420,"SHADYBROOK ESTATE, LLC",LSW.0001743
1421,SHAFER VINEYARDS,LSW.0000293
1422,SHANNON RIDGE INC,LSW.0000242
1423,"SHARE A SPLASH WINE CO, LLC",LSL.0002190
1424,SHARPE HILL VINEYARDS,LFW.0000042
1425,SHAW-ROSS INTERNATIONAL IMPORTERS LLC,LSL.0001348
1426,SHEEP BLACK WINE US INC,LSW.0001550
1427,SHELTON-MACKENZIE WINE COMPANY,LSW.0001012
1428,SHERWIN FAMILY VINEYARDS LLC,LSW.0001123
1429,SHERWOOD RESERVE LLC,LMW.0000041
1430,SHL CATHIARD LLC,LSW.0001769
1431,SIERRA NEVADA BREWING CO,LSB.0000531
1432,SIGNATURE SELECTIONS INC,LSL.0002281
1433,SIGNORELLO ESTATE LP,LSW.0001885
1434,SILVER OAK WINE CELLARS LLC,LSW.0001303
1435,"SIMON FAMILY WINES, LLC",LSW.0001787
1436,SINE QUA NON INC,LSW.0000344
1437,SINGHA NORTH AMERICA INC,LSB.0000773
1438,SINGLECUT BEERSMITHS LLC,LSB.0000911
1439,SINSKEY VINEYARDS INC,LSW.0000745
1440,SIX SIGMA WINERY LLC,LSW.0000184
1441,SKALLI CORPORATION,LSL.0000566
1442,SKEPTIC DISTILLERY CO,LSL.0002325
1443,"SKIPSTONE WINES, LLC",LSW.0001623
1444,SKM IMPORTS INC,LSL.0002368
1445,SKYWALKER VINEYARDS LLC,LSW.0001364
1446,SLEEPING BEAR APIARIES LTD,LSW.0001726
1447,SLEIGHT OF HAND LLC,LSW.0001717
1448,SLJ GROUP INC,LSL.0001885
1449,"SLJ GROUP, INC.",LSL.0002458
1450,SLOCUM & SONS OF MAINE INC,LSL.0000638
1451,"SMALL BATCH CELLARS, LLC",LMW.0000019
1452,SMALL VINES WINES INC,LSW.0000663
1453,SMITH-MAYLOR LLC,LSL.0002302
1454,SMT ACQUISITIONS LLC,LSL.0001629
1455,SMUGGLERS NOTCH DISTILLERY LLC,LSL.0001762
1456,SOJOURN CELLARS LLC,LSW.0001933
1457,SOKOL BLOSSER LTD,LSW.0000957
1458,SOLENE INC,LSW.0001544
1459,SOMERSTON WINE COMPANY LLC,LSW.0000909
1460,SONO 1420 ARTISAN DISTILLERS LLC,LMS.0000013
1461,SONOMA BESPOKE LLC,LSL.0002383
1462,SONOMA VINEYARD COMPANY INC,LSW.0001427
1463,SONOMA-CUTRER VINEYARDS INC,LSW.0000808
1464,SONS OF BACCHUS LLC,LSW.0000095
1465,SORTING TABLE LLC (THE),LSL.0001054
1466,SOUTH BAY WINE GROUP LLC,LSW.0000617
1467,SOUTHAMPTON PARTNERS LLC,LMS.0000020
1468,SOUTHERN TIER BREWING COMPANY LLC,LSB.0000878
1469,SOUTHERN TIER DISTILLING,LSL.0002039
1470,SOVEREIGN BRANDS LLC,LSL.0000816
1471,SPACECAT BREWING COMPANY LLC,LMB.0001671
1472,SPARKLING POINTE LLC,LSW.0001136
1473,SPB LLC,LSB.0000921
1474,SPB LLC,LSW.0000939
1475,SPECIALTY BRANDS,LSB.0000679
1476,SPECIALTY BRANDS,LSL.0000963
1477,SPECTACLE BREWING LLC,LSB.0001109
1478,SPINDRIFT SPIKED CO LLC,LSB.0001096
1479,SPIRITS THAT ROCK INC.,LSL.0002263
1480,SPLINTER GROUP NAPA LLC,LSL.0001638
1481,SPOTTSWOODE WINERY,LSW.0000904
1482,SPRING HILL FARMS LLC,LFW.0000078
1483,SPRINGBROOK HOLLOW FARM DISTILLERY,LSL.0001847
1484,"SPRITZ BEV, INC.",LSW.0001636
1485,"SQUAM ROCK WINES, INC.",LSL.0002248
1486,SQUIX LLC,LSW.0001197
1487,ST FRANCIS WINERY & VINEYARD LP,LSW.0000202
1488,ST GEORGE SPIRITS INC,LSL.0001351
1489,ST HELENA ESTATE LLC,LSW.0000630
1490,"ST. INNOCENT, LIMITED",LSW.0001658
1491,STAEHLY FARM WINERY,LFW.0000084
1492,STAFFORD CIDERY LLC,LMW.0000021
1493,STAG'S LEAP WINE CELLARS LLC,LSL.0002284
1494,STAGLIN FAMILY VINEYARD LLC,LSW.0000687
1495,STANDING JOURNEY LLC,LSW.0001009
1496,STAPPA VINEYARD LLC,LFW.0000102
1497,STAR LANE & DIERBERG VINEYARDS LLC,LSW.0001577
1498,STATE WINE SELECTIONS CORP,LSL.0001956
1499,STATESIDE BRANDS LLC,LSL.0002021
1500,STE MICHELLE WINE ESTATES LLC,LSL.0000692
1501,STE MICHELLE WINE ESTATES LLC,LSW.0000237
1502,STE MICHELLE WINE ESTATES LLC,LSW.0000240
1503,STE MICHELLE WINE ESTATES LLC,LSW.0000859
1504,STE MICHELLE WINE ESTATES LLC,LSW.0001185
1505,STEFFENS FAMILY WINES LLC,LSW.0001682
1506,STELLAR IMPORTING COMPANY LLC,LSL.0001659
1507,STELLAR SPIRITS LLC,LSL.0002127
1508,STEPHAN VINEYARDS INC,LSW.0000407
1509,STEPHEN DOOLEY WINE COMPANY INC,LSW.0001186
1510,STEWART CELLARS LLC,LSW.0001062
1511,STILL HILL BREWERY LLC,LMB.0001643
1512,STOLI GROUP USA LLC,LSL.0001485
1513,STOLLER IMPORTS INC,LSL.0002043
1514,STOLLER VINEYARDS INC,LSW.0000993
1515,STOLPMAN VINEYARDS LLC,LSW.0000142
1516,STONE BREWING CO LLC,LSB.0000768
1517,STONE EDGE WINERY LLC,LSW.0000765
1518,STONE WOLF VINEYARDS LLC,LSW.0001390
1519,STONECUSHION INC,LSW.0000668
1520,STONINGTON SEAHAWK LLC,LFW.0000068
1521,STONINGTON VINEYARDS INC,LFW.0000036
1522,STONY CREEK BREWERY LLC,LMB.0001656
1523,STORMALONG CIDER LLC,LSW.0001676
1524,STUBBORN BEAUTY BREWING COMPANY LLC,LMB.0001638
1525,SULPHUR SPRINGS WINERY LLC,LSW.0000618
1526,SUNDIAL COCKTAILS USA,LSL.0002307
1527,SUNSET MEADOW FARM LLC,LFW.0000067
1528,"SUNSHINE FARM PROPERTIES, LLC",LMS.0000021
1529,SUNSHINE STATE MEADERY LLC,LSL.0002255
1530,SUNTIDE BEVERAGES,LSL.0002227
1531,SUPERBREW ACQUISITION INC,LSB.0001163
1532,SURFRIDGE BREWING COMPANY EAST LLC,LMB.0001663
1533,SUTTER HOME WINERY INC,LSL.0000629
1534,SUZANNE LLC,LSW.0001554
1535,"SWEAZEY WINERY INVESTMENT, LLC",LSW.0001712
1536,SWEETWATER BREWING COMPANY LLC,LSB.0000907
1537,SWICK WINE CELLARS LLC,LSW.0001911
1538,Small Beer Brew Company Inc.,LSB.0001215
1539,T & BEER INC,LSL.0001232
1540,T ELENTENY HOLDINGS LLC,LSL.0001494
1541,TABLAS CREEK VINEYARD A CA LIMITED PARTNERSHIP,LSW.0001754
1542,TAKARA SAKE CO,LSL.0000652
1543,TAMARELO INC,LSL.0002258
1544,TAPPED SUNSET LLC,LSW.0001851
1545,TASTE IT INC,LSW.0001601
1546,TAYLOR BROOKE FARM LLC,LFW.0000051
1547,TAYLOR BROOKE FARM LLC,LMB.0001595
1548,TAYLOR BROOKE FARM LLC,LMW.0000038
1549,TBD BREWING LLC,LSB.0001128
1550,TC VINEYARDS INC,LSW.0000655
1551,TCA ACQUISITION LLC,LSW.0001758
1552,TEETER-TOTTER LLC,LSW.0001668
1553,TEMPERANCE DISTILLING CO,LSL.0001025
1554,TEQUILAS PREMIUM INC,LSL.0001400
1555,TERRA SPRINGS LLC,LSW.0001411
1556,TERRANOVA SPIRITS LLC,LSL.0002305
1557,TERRAVANT WINE COMPANY LLC,LSW.0001007
1558,TERREPURE KENTUCKY DISTILLERS INC,LSL.0001926
1559,TEW SHIPPING LLC,LSL.0001191
1560,THE ADIRONDACK DISTILLING COMPANY INC.,LSL.0002162
1561,THE BABYDUST METHOD LLC,LSL.0002455
1562,THE BARDSTOWN BOURBON COMPANY LLC,LSL.0002403
1563,THE BEER'D BREWING CO LLC,LMB.0001631
1564,THE BEER'D BREWING COMPANY LLC,LMP.0000082.P-CW
1565,THE BETTER MAN DISTILLING CO. INC.,LSL.0002413
1566,"THE CALDWELL VINEYARD, LLC",LSW.0001260
1567,THE COREBEV GROUP INC,LSL.0002269
1568,THE COUNTESS WALEWSKA LLC,LSL.0001880
1569,THE EDRINGTON GROUP USA LLC,LSL.0001611
1570,THE FABLEIST WINE CO.,LSW.0001733
1571,THE FOOD CYCLE BREWERY LLC,LMB.0001642
1572,THE GREAT LAKES BREWING CO,LSB.0001218
1573,"THE GREENPORT BREWING COMPANY, LLC",LSB.0001134
1574,THE HONEY KEG MEADERY LLC,LMW.0000045
1575,THE HUDSON VALLEY CIDER CO LLC,LSW.0001817
1576,THE INDUSTRIOUS SPIRIT COMPANY LLC,LSL.0002125
1577,THE ITALIAN WINE TRADER LLC,LSL.0002111
1578,THE MASCOT WINE LLC,LSW.0001262
1579,THE MILLS GROUPE LLC,LSL.0002369
1580,THE NEW CAMBRIDGE PROJECT LLC,LMB.0001702
1581,THE OJAI VINEYARD INC,LSW.0001523
1582,THE RED STITCH WINE GROUP LLC,LSW.0001342
1583,THE RIVER WINE INC,LSL.0001981
1584,THE SAINT LOUIS BREWERY LLC,LSB.0001209
1585,"THE SETTING WINES, LLC",LSW.0001784
1586,THE SWITCHBACK BEERWORKS INC,LSB.0000951
1587,THE VALE FOX DISTILLERY LLC,LSL.0001944
1588,THE VINEYARD AT HILLYLAND,LFW.0000085
1589,THE WHITE LION BREWING COMPANY LLC,LSB.0001124
1590,THE WILLIAMSBURG WINERY LTD,LSW.0001764
1591,THE WINE SOURCE INC,LSL.0002485
1592,THE WITHERS WINERY HOLDINGS LLC,LSW.0001264
1593,"THE ZAMORA AMERICAS, INC.",LSL.0002473
1594,THEOREM VINEYARDS LLC,LSW.0001380
1595,THESE GUYS BREWING COMPANY LLC,LMB.0001647
1596,THIENOT USA INC,LSL.0001916
1597,THIMBLE ISLAND BREWING COMPANY,LMB.0001574
1598,"THIRTEENTH COLONY DISTILLERIES, LLC",LSL.0002294
1599,THIS REALM LLC,LSW.0000766
1600,THOMAS ALLEN VINEYARDS & WINERY LLC,LSW.0001400
1601,THOMAS HOOKER BREWING COMPANY LLC,LMB.0001587
1602,THOMAS L & JUDITH F BECKMEN,LSW.0000165
1603,THREE BROTHERS WINERIES AND ESTATES LLC,LSW.0001461
1604,THREE FAT GUYS WINE LLC,LSW.0001439
1605,THREE FLOYDS BREWING LLC,LSB.0001073
1606,THREEFOLD HOLDINGS LLC,LSB.0000988
1607,"THUMBPRINT WINE GROUP, INC.",LSW.0001829
1608,THVS CORPORATION,LSW.0001604
1609,TIMOTHY MALONE WINES INC,LSW.0001725
1610,TIP TOP COCKTAILS INC,LSL.0002249
1611,TIPSY SPRITZERS LLC,LSL.0002094
1612,TIRA NANZA WINES LLC,LSW.0001622
1613,TITAN WINE AND SPIRITS LLC,LSL.0002185
1614,TITUS FAMILY WINES,LSW.0000540
1615,"TIVOLI BREWING COMPANY, LLC",LSB.0001191
1616,TMR WINE COMPANY LLC,LSW.0000420
1617,TOAD HOLLOW VINEYARDS INC,LSL.0000962
1618,TOBIN JAMES CELLARS,LSW.0001499
1619,TOMASELLO WINERY INC,LSW.0000135
1620,TOPPLING GOLIATH BREWING COMPANY,LSB.0000990
1621,TORII MOR WINERY,LSW.0001590
1622,TOURELLE LLC,LSW.0001790
1623,TOX BREWING COMPANY LLC,LMB.0001644
1624,TPWC INC,LSL.0002132
1625,TPWC INC,LSW.0001281
1626,TPWC INC,LSW.0001282
1627,TPWC INC,LSW.0001283
1628,TRADITIONAL WINES INNOVATIONS LLC,LSL.0001241
1629,TRAILSIDE VINEYARD LLC,LSW.0001881
1630,"TRANQUILLITY ESTATE, LLC",LFW.0000112
1631,"TRANQUILLITY ESTATE, LLC",LMW.0000033
1632,TRAPP FAMILY LODGE,LSB.0000924
1633,TREANA WINERY LLC,LSL.0001112
1634,TREASURY WINE ESTATES AMERICAS COMPANY,LSL.0001303
1635,TREASURY WINE ESTATES AMERICAS COMPANY,LSW.0001161
1636,TREASURY WINE ESTATES AMERICAS COMPANY,LSW.0001163
1637,TREASURY WINE ESTATES AMERICAS COMPANY,LSW.0001199
1638,TREASURY WINE ESTATES AMERICAS COMPANY,LSW.0001200
1639,TREASURY WINE ESTATES AMERICAS COMPANY,LSW.0001201
1640,TREASURY WINE ESTATES AMERICAS COMPANY,LSW.0001653
1641,TREASURY WINE ESTATES AMERICAS COMPANY,LSW.0001913
1642,TREE HOUSE BREWING COMPANY INC.,LSB.0001240
1643,"TREE HOUSE BREWING COMPANY, INC",LMB.0001694
1644,TREFETHEN VINEYARDS WINERY LLC,LSW.0000549
1645,TRENTADUE WINERY LLC,LSW.0000378
1646,TRI-STAR MARKETING INC,LSL.0001212
1647,TRI-VIN IMPORTS INC,LCL.0000647
1648,TRI-VIN IMPORTS INC,LIW.0000708
1649,TRIBUS BEER CO. LLC,LMB.0001597
1650,TRINITY RIVER DISTILLERY LLC,LSL.0002203
1651,TRIONE VINEYARDS LLC,LSW.0001306
1652,TRIPLE EIGHT DISTILLERY,LSL.0000847
1653,TRITON COLLECTION (THE),LSL.0001110
1654,TROEGS BREWING COMPANY,LSB.0000883
1655,TROPICAL DISTILLERY LLC,LSL.0002386
1656,TRUE BLUE SPIRIT LLC,LSL.0002507
1657,TRURO VINEYARDS OF CAPE COD LLC,LSW.0000301
1658,TU-BE GLOBAL SPIRITS INC,LSL.0002478
1659,TURLEY WINE CELLARS INC,LSW.0000375
1660,TURNBULL WINE CELLARS,LSW.0000629
1661,TUSK ESTATES LLC,LSW.0001351
1662,TWELVE PERCENT LLC,LMB.0001609
1663,TWELVE PERCENT LLC,LSB.0000784
1664,TWIN PEAKS WINERY INC,LSW.0000132
1665,TWO ROADS BREWING COMPANY LLC,LMB.0001622
1666,TWO ROADS BREWING COMPANY LLC,LMS.0000005
1667,TWO WOLVES WINE LLC,LSW.0001379
1668,TWT VINTNERS CONNECTICUT LLC,LCL.0000650
1669,Thompson Beverages LLC,LSL.0002394
1670,Trillium Brewing Company LLC,LSB.0001231
1671,Trillium Brewing Company LLC,LSL.0002472
1672,U S STONE CASTLE IMPORTS LLC,LSL.0002253
1673,UBLENDIT,LSL.0002287
1674,ULTRAMARINE WINES LLC,LSW.0001608
1675,UNBOUND SPIRITS LLC,LSL.0002427
1676,UNCLEDONSBEER LLC,LSB.0001169
1677,UNCOUTH VERMOUTH INCORPORATED,LSW.0001848
1678,UNICO INC,LSW.0001615
1679,UNION WINE COMPANY,LSW.0000270
1680,UNITED BRANDS LLC,LSB.0001214
1681,UNITED LIQUORS LLC,LSB.0000790
1682,UNITED SPIRITS INC,LSL.0002118
1683,UNITED STATES BEVERAGE LLC,LSB.0000646
1684,UNITED STATES BEVERAGE LLC,LSL.0001850
1685,UNITED STATES DISTILLED PRODUCTS CO,LSL.0000666
1686,UNTI WINE COMPANY LLC,LSW.0000485
1687,UNTITLED ART LLC,LSB.0001212
1688,"URBAN LODGE BREWING COMPANY, LLC",LMB.0001568
1689,USA WINE IMPORTS INC,LSL.0001336
1690,USA WINE WEST LLC,LSL.0001523
1691,V CIRACE & SONS INC,LSL.0000875
1692,V SATTUI WINERY INC,LSW.0001531
1693,VALKYRIE SELECTIONS LLC,LSL.0001427
1694,VALLEY VODKA INC,LSL.0002236
1695,VALVAL WINE BROKER LLC,LSL.0002440
1696,VAMPIRE FAMILY BRANDS LLC,LSW.0001926
1697,VANISHED VALLEY BREWING,LSB.0001152
1698,"VEN-CAL RANCHES, LLC",LSW.0001672
1699,VENTURA SELECTIONS LLC,LSL.0002323
1700,VERITABLE DISTILLERY LLC,LMB.0001695
1701,VERITABLE DISTILLERY LLC,LMS.0000025
1702,VERMEIL WINE GROUP LLC,LSW.0000533
1703,VERMONT HARD CIDER COMPANY LLC,LSL.0000894
1704,VERMONT SPIRITS DISTILLING CO,LSL.0002082
1705,VF WINE COMPANY LLC,LSW.0001943
1706,VF WINES INC,LSL.0002385
1707,VHRF BREWING LLC,LSB.0001162
1708,"VIA CAROTA CRAFT COCKTAILS, INC.",LSL.0002209
1709,"VIA PACIFICA CA, INC",LSL.0002356
1710,VIADER VINEYARDS AND WINERY,LSW.0001655
1711,VIAS IMPORTS LTD,LSL.0000602
1712,VICTORY BREWING COMPANY LLC,LSB.0001179
1713,VIDA VALIENTE WINERY LLC,LSW.0001573
1714,VIGNETTE WINERY LLC,LSL.0001509
1715,VILLA AMOROSA INC,LSW.0000760
1716,VILLA ENCINAL PARTNERS LP,LSW.0001154
1717,VIN DIVINO LTD,LSL.0001349
1718,VIN-GLOBAL LLC,LSW.0001292
1719,VINA ROBLES INC,LSW.0001117
1720,VINAIO IMPORTS LTD,LSB.0001185
1721,VINAIO IMPORTS LTD,LSL.0001275
1722,VINAMERICAS INC,LSL.0001579
1723,"VINARCHY NORTH AMERICA, INC.",LSL.0002079
1724,VINEBOX LLC,LSW.0001706
1725,VINEBURG LLC,LSW.0000547
1726,VINEYARD 29 LLC,LSW.0001797
1727,VINEYARD BRANDS LLC,LSL.0000558
1728,VINIFERA IMPORT,LCL.0000536
1729,VINO DEL SOL INC,LSL.0001676
1730,VINO LOGICS CORPORATION,LSL.0002297
1731,VINO.COM LLC,LSB.0000657
1732,VINO.COM LLC,LSL.0000838
1733,VINOCOPIA INC,LSL.0001980
1734,VINOS FINOS DE CALIFORNIA LLC,LSW.0001863
1735,"VINOS LIBRES WINE MERCHANTS, LLC",LSL.0002260
1736,VINTAGE WINE ESTATES,LSW.0001482
1737,VINTAGE WINE ESTATES INC,LSL.0001776
1738,VINTAGE WINE ESTATES INC.,LSW.0001737
1739,VINTUS LLC,LSL.0000995
1740,VINTWOOD INTERNATIONAL LTD,LSL.0000658
1741,VIOLET BROOK LLC,LSL.0002322
1742,VIOLIN WINE LLC,LSL.0002252
1743,VITE GALLERON WINERY LLC,LSW.0001355
1744,VOM BODEN LLC,LSL.0002418
1745,VOP WINE HOLDINGS CT LLC,LSL.0002130
1746,VOTTO VINES IMPORTING LLC,LCL.0000585
1747,VRANKEN AMERICA,LSL.0000610
1748,VSWC LLC,LSW.0001847
1749,W G BEST WEINKELLEREI INC,LSL.0000979
1750,W J DEUTSCH & SONS LTD,LSL.0000741
1751,W J DEUTSCH & SONS LTD,LSW.0000982
1752,"W.H.Y. CELLARS, LLC",LSW.0001638
1753,WAGNER WINE COMPANY LLC,LSL.0002371
1754,WALKER ROAD VINEYARDS LLC,LFW.0000064
1755,WALTER HANSEL WINERY & VINEYARDS LLC,LSW.0001230
1756,WARROOM VENTURES LLC,LSL.0001923
1757,WARSTEINER IMPORTERS AGENCY,LSB.0000571
1758,WARWICK VALLEY WINE COMPANY INC,LSL.0000970
1759,WATERCURE FARM LLC,LMS.0000004
1760,"WATERLOO GIN COMPANY, LLC",LSL.0002444
1761,WATERSHED DISTILLERY LLC,LSL.0002300
1762,WATSON FARMHOUSE BREWERY LLC,LMB.0001559
1763,WAYFARER LLC,LSW.0001504
1764,WEBSTER BARNES,LSB.0001166
1765,WEBSTER BARNES LLC,LSL.0002040
1766,WEHA BREWING COMPANY LLC,LMB.0001674
1767,WEIN-BAUER INC,LSL.0001591
1768,WELDWERKS BREWING CO.,LSB.0001147
1769,WENTWORTH VINEYARD AND RANCH LLC,LSW.0001614
1770,WEST COAST WINE PARTNERS LLC,LSW.0000780
1771,WESTERN SPIRITS BEVERAGE CO LLC,LSL.0001287
1772,WESTFORD HILL DISTILLERS LLC,LMS.0000015
1773,WESTSIDE WINERY INC,LSW.0001382
1774,WETTEN IMPORTERS INC,LSB.0001217
1775,WHALERS BREWING COMPANY LLC,LSB.0001039
1776,WHEELER FARMS PARTNERS LLC,LSW.0001678
1777,WHISTLEPIG LLC,LSL.0001833
1778,WHITE HILLS DISTILLERY LLC,LMS.0000009
1779,WHITE MOUNTAIN DISTILLERY LLC,LSW.0001165
1780,WHITE SILO FARM,LFW.0000047
1781,WHITSERVE LLC,LCL.0000765
1782,WI INC,LSL.0001296
1783,WICKFORD WINE COMPANY LLC,LSL.0001692
1784,WILD AGAVE IMPORTS LLC,LSL.0001755
1785,WILD OHIO BREWING COMPANY,LSB.0001140
1786,WILLAMETTE VALLEY VINEYAR,LSL.0000708
1787,WILLIAM GRANT & SONS INC,LSL.0000506
1788,WILLIAM WOLF BRAND LLC,LSL.0001728
1789,WILLIAMS & SELYEM LLC,LSW.0000206
1790,WILLIMANTIC BREWING CO LLC,LMB.0001598
1791,WILSON DANIELS WHOLESALE LLC,LCL.0000661
1792,WIN IT TOO INC,LSB.0000677
1793,WIN IT TOO INC,LSL.0002348
1794,WINDERLEA WINE COMPANY LLC,LSW.0001293
1795,WINE AFFAIRS INC,LSL.0002061
1796,WINE BY JOE LLC,LSW.0000212
1797,WINE COLLECTIVE LLC,LSL.0002273
1798,WINE COUNTRY INTERNATIONAL INC,LSL.0001453
1799,WINE CREEK LLC,LSL.0001280
1800,WINE GROUP INC (THE),LSL.0000654
1801,WINE HOOLIGANS LLC,LSL.0001520
1802,WINE IN-MOTION LLC,LSL.0001674
1803,WINE OF JAPAN IMPORT INC,LSL.0000668
1804,WINE TRUST CELLARS LLC,LSL.0001426
1805,WINE WINE SITUATION LLC,LSL.0002160
1806,WINEBOW INC,LIW.0000548
1807,WINEPLAYGROUND INC,LSW.0001704
1808,WINERIES & SELECT PRODUCTS LLC,LSL.0001913
1809,WINERY EXCHANGE INC,LSL.0000864
1810,WINERY EXCHANGE INC,LSW.0001050
1811,"WINES OF FRANCE, INC.",LSL.0001735
1812,WINES UNLIMITED INC,LSL.0000955
1813,WINESELLERS DIRECT LLC,LSW.0001789
1814,WINESELLERS LTD,LSL.0000665
1815,WINSIDE USA INC,LSW.0000886
1816,WINTER DOG CELLARS LLC,LSB.0001156
1817,WISD LLC,LSL.0001642
1818,"WISMETTAC ASIAN FOODS, INC.",LSL.0002426
1819,WITCHDOCTOR BREWING COMPANY LLC,LMB.0001564
1820,WOLF VALLEY IMPORTS LTD,LSL.0001334
1821,WOLFFER ESTATE VINEYARD INC,LSW.0001219
1822,WORLD TRADE LIQUOR IMPORTS LLC,LSL.0002245
1823,"WORLDWIDE LIBATIONS, LLC",LSL.0002119
1824,WORLDWIDE WINES OF NY INC,LSB.0000753
1825,WORLDWIDE WINES OF NY INC,LSL.0000662
1826,WORMTOWN BREWERY LLC,LSB.0001021
1827,WORTHINGTON VINEYARDS LLC,LFW.0000105
1828,WP WINE IMPORTS INC,LSL.0002188
1829,"XOBC CELLARS, LLC",LSW.0001946
1830,YAEGAKI CORPORATION OF USA,LSW.0000257
1831,YAR LLC,LSW.0001747
1832,ZERO LINK MARKETS INC,LSW.0000996
1833,ZG HOLDINGS LLC,LSB.0001029
1834,ZING ZANG LLC,LSL.0001985
1835,ZONIN USA INC,LSL.0000896
1836,ZRS WINES LLC,LSL.0001999
